documento,nombre,tipo_persona,empresa,email,username
3000000001,Ana García Flores,aprendiz,SENA,usuario1@pruebasena.local,
3000000002,Carlos López Silva,instructor,SENA,usuario2@pruebasena.local,usuario2
3000000003,Diana Sánchez López,vigilante,Seguridad SENA,usuario3@pruebasena.local,usuario3
3000000004,Esteban Flores Vargas,contratista,Servicios Integrales,usuario4@pruebasena.local,
3000000005,Fernanda Morales Quintero,visitante,Entidad Invitada,usuario5@pruebasena.local,
3000000006,Gabriel Mendoza González,proveedor,Proveedores Nacionales,usuario6@pruebasena.local,
3000000007,Helena Suárez Castro,aprendiz,SENA,usuario7@pruebasena.local,
3000000008,Iván Rodríguez Suárez,instructor,SENA,usuario8@pruebasena.local,usuario8
3000000009,Juliana González Pérez,vigilante,Seguridad SENA,usuario9@pruebasena.local,usuario9
3000000010,Kevin Ramírez Morales,contratista,Servicios Integrales,usuario10@pruebasena.local,
3000000011,Laura Vargas Restrepo,visitante,Entidad Invitada,usuario11@pruebasena.local,
3000000012,Miguel Rojas Sánchez,proveedor,Proveedores Nacionales,usuario12@pruebasena.local,
3000000013,Natalia Silva Rojas,aprendiz,SENA,usuario13@pruebasena.local,
3000000014,Óscar Restrepo García,instructor,SENA,usuario14@pruebasena.local,usuario14
3000000015,Paula Martínez Ramírez,vigilante,Seguridad SENA,usuario15@pruebasena.local,usuario15
3000000016,Ricardo Pérez Herrera,contratista,Servicios Integrales,usuario16@pruebasena.local,
3000000017,Sofía Torres Rodríguez,visitante,Entidad Invitada,usuario17@pruebasena.local,
3000000018,Tomás Castro Torres,proveedor,Proveedores Nacionales,usuario18@pruebasena.local,
3000000019,Valentina Herrera Mendoza,aprendiz,SENA,usuario19@pruebasena.local,
3000000020,William Quintero Martínez,instructor,SENA,usuario20@pruebasena.local,usuario20
3000000021,Ana García Flores,vigilante,Seguridad SENA,usuario21@pruebasena.local,usuario21
3000000022,Carlos López Silva,contratista,Servicios Integrales,usuario22@pruebasena.local,
3000000023,Diana Sánchez López,visitante,Entidad Invitada,usuario23@pruebasena.local,
3000000024,Esteban Flores Vargas,proveedor,Proveedores Nacionales,usuario24@pruebasena.local,
3000000025,Fernanda Morales Quintero,aprendiz,SENA,usuario25@pruebasena.local,
3000000026,Gabriel Mendoza González,instructor,SENA,usuario26@pruebasena.local,usuario26
3000000027,Helena Suárez Castro,vigilante,Seguridad SENA,usuario27@pruebasena.local,usuario27
3000000028,Iván Rodríguez Suárez,contratista,Servicios Integrales,usuario28@pruebasena.local,
3000000029,Juliana González Pérez,visitante,Entidad Invitada,usuario29@pruebasena.local,
3000000030,Kevin Ramírez Morales,proveedor,Proveedores Nacionales,usuario30@pruebasena.local,
3000000031,Laura Vargas Restrepo,aprendiz,SENA,usuario31@pruebasena.local,
3000000032,Miguel Rojas Sánchez,instructor,SENA,usuario32@pruebasena.local,usuario32
3000000033,Natalia Silva Rojas,vigilante,Seguridad SENA,usuario33@pruebasena.local,usuario33
3000000034,Óscar Restrepo García,contratista,Servicios Integrales,usuario34@pruebasena.local,
3000000035,Paula Martínez Ramírez,visitante,Entidad Invitada,usuario35@pruebasena.local,
3000000036,Ricardo Pérez Herrera,proveedor,Proveedores Nacionales,usuario36@pruebasena.local,
3000000037,Sofía Torres Rodríguez,aprendiz,SENA,usuario37@pruebasena.local,
3000000038,Tomás Castro Torres,instructor,SENA,usuario38@pruebasena.local,usuario38
3000000039,Valentina Herrera Mendoza,vigilante,Seguridad SENA,usuario39@pruebasena.local,usuario39
3000000040,William Quintero Martínez,contratista,Servicios Integrales,usuario40@pruebasena.local,
3000000041,Ana García Flores,visitante,Entidad Invitada,usuario41@pruebasena.local,
3000000042,Carlos López Silva,proveedor,Proveedores Nacionales,usuario42@pruebasena.local,
3000000043,Diana Sánchez López,aprendiz,SENA,usuario43@pruebasena.local,
3000000044,Esteban Flores Vargas,instructor,SENA,usuario44@pruebasena.local,usuario44
3000000045,Fernanda Morales Quintero,vigilante,Seguridad SENA,usuario45@pruebasena.local,usuario45
3000000046,Gabriel Mendoza González,contratista,Servicios Integrales,usuario46@pruebasena.local,
3000000047,Helena Suárez Castro,visitante,Entidad Invitada,usuario47@pruebasena.local,
3000000048,Iván Rodríguez Suárez,proveedor,Proveedores Nacionales,usuario48@pruebasena.local,
3000000049,Juliana González Pérez,aprendiz,SENA,usuario49@pruebasena.local,
3000000050,Kevin Ramírez Morales,instructor,SENA,usuario50@pruebasena.local,usuario50
3000000051,Laura Vargas Restrepo,vigilante,Seguridad SENA,usuario51@pruebasena.local,usuario51
3000000052,Miguel Rojas Sánchez,contratista,Servicios Integrales,usuario52@pruebasena.local,
3000000053,Natalia Silva Rojas,visitante,Entidad Invitada,usuario53@pruebasena.local,
3000000054,Óscar Restrepo García,proveedor,Proveedores Nacionales,usuario54@pruebasena.local,
3000000055,Paula Martínez Ramírez,aprendiz,SENA,usuario55@pruebasena.local,
3000000056,Ricardo Pérez Herrera,instructor,SENA,usuario56@pruebasena.local,usuario56
3000000057,Sofía Torres Rodríguez,vigilante,Seguridad SENA,usuario57@pruebasena.local,usuario57
3000000058,Tomás Castro Torres,contratista,Servicios Integrales,usuario58@pruebasena.local,
3000000059,Valentina Herrera Mendoza,visitante,Entidad Invitada,usuario59@pruebasena.local,
3000000060,William Quintero Martínez,proveedor,Proveedores Nacionales,usuario60@pruebasena.local,
3000000061,Ana García Flores,aprendiz,SENA,usuario61@pruebasena.local,
3000000062,Carlos López Silva,instructor,SENA,usuario62@pruebasena.local,usuario62
3000000063,Diana Sánchez López,vigilante,Seguridad SENA,usuario63@pruebasena.local,usuario63
3000000064,Esteban Flores Vargas,contratista,Servicios Integrales,usuario64@pruebasena.local,
3000000065,Fernanda Morales Quintero,visitante,Entidad Invitada,usuario65@pruebasena.local,
3000000066,Gabriel Mendoza González,proveedor,Proveedores Nacionales,usuario66@pruebasena.local,
3000000067,Helena Suárez Castro,aprendiz,SENA,usuario67@pruebasena.local,
3000000068,Iván Rodríguez Suárez,instructor,SENA,usuario68@pruebasena.local,usuario68
3000000069,Juliana González Pérez,vigilante,Seguridad SENA,usuario69@pruebasena.local,usuario69
3000000070,Kevin Ramírez Morales,contratista,Servicios Integrales,usuario70@pruebasena.local,
3000000071,Laura Vargas Restrepo,visitante,Entidad Invitada,usuario71@pruebasena.local,
3000000072,Miguel Rojas Sánchez,proveedor,Proveedores Nacionales,usuario72@pruebasena.local,
3000000073,Natalia Silva Rojas,aprendiz,SENA,usuario73@pruebasena.local,
3000000074,Óscar Restrepo García,instructor,SENA,usuario74@pruebasena.local,usuario74
3000000075,Paula Martínez Ramírez,vigilante,Seguridad SENA,usuario75@pruebasena.local,usuario75
3000000076,Ricardo Pérez Herrera,contratista,Servicios Integrales,usuario76@pruebasena.local,
3000000077,Sofía Torres Rodríguez,visitante,Entidad Invitada,usuario77@pruebasena.local,
3000000078,Tomás Castro Torres,proveedor,Proveedores Nacionales,usuario78@pruebasena.local,
3000000079,Valentina Herrera Mendoza,aprendiz,SENA,usuario79@pruebasena.local,
3000000080,William Quintero Martínez,instructor,SENA,usuario80@pruebasena.local,usuario80
3000000081,Ana García Flores,vigilante,Seguridad SENA,usuario81@pruebasena.local,usuario81
3000000082,Carlos López Silva,contratista,Servicios Integrales,usuario82@pruebasena.local,
3000000083,Diana Sánchez López,visitante,Entidad Invitada,usuario83@pruebasena.local,
3000000084,Esteban Flores Vargas,proveedor,Proveedores Nacionales,usuario84@pruebasena.local,
3000000085,Fernanda Morales Quintero,aprendiz,SENA,usuario85@pruebasena.local,
3000000086,Gabriel Mendoza González,instructor,SENA,usuario86@pruebasena.local,usuario86
3000000087,Helena Suárez Castro,vigilante,Seguridad SENA,usuario87@pruebasena.local,usuario87
3000000088,Iván Rodríguez Suárez,contratista,Servicios Integrales,usuario88@pruebasena.local,
3000000089,Juliana González Pérez,visitante,Entidad Invitada,usuario89@pruebasena.local,
3000000090,Kevin Ramírez Morales,proveedor,Proveedores Nacionales,usuario90@pruebasena.local,
3000000091,Laura Vargas Restrepo,aprendiz,SENA,usuario91@pruebasena.local,
3000000092,Miguel Rojas Sánchez,instructor,SENA,usuario92@pruebasena.local,usuario92
3000000093,Natalia Silva Rojas,vigilante,Seguridad SENA,usuario93@pruebasena.local,usuario93
3000000094,Óscar Restrepo García,contratista,Servicios Integrales,usuario94@pruebasena.local,
3000000095,Paula Martínez Ramírez,visitante,Entidad Invitada,usuario95@pruebasena.local,
3000000096,Ricardo Pérez Herrera,proveedor,Proveedores Nacionales,usuario96@pruebasena.local,
3000000097,Sofía Torres Rodríguez,aprendiz,SENA,usuario97@pruebasena.local,
3000000098,Tomás Castro Torres,instructor,SENA,usuario98@pruebasena.local,usuario98
3000000099,Valentina Herrera Mendoza,vigilante,Seguridad SENA,usuario99@pruebasena.local,usuario99
3000000100,William Quintero Martínez,contratista,Servicios Integrales,usuario100@pruebasena.local,
3000000101,Ana García Flores,visitante,Entidad Invitada,usuario101@pruebasena.local,
3000000102,Carlos López Silva,proveedor,Proveedores Nacionales,usuario102@pruebasena.local,
3000000103,Diana Sánchez López,aprendiz,SENA,usuario103@pruebasena.local,
3000000104,Esteban Flores Vargas,instructor,SENA,usuario104@pruebasena.local,usuario104
3000000105,Fernanda Morales Quintero,vigilante,Seguridad SENA,usuario105@pruebasena.local,usuario105
3000000106,Gabriel Mendoza González,contratista,Servicios Integrales,usuario106@pruebasena.local,
3000000107,Helena Suárez Castro,visitante,Entidad Invitada,usuario107@pruebasena.local,
3000000108,Iván Rodríguez Suárez,proveedor,Proveedores Nacionales,usuario108@pruebasena.local,
3000000109,Juliana González Pérez,aprendiz,SENA,usuario109@pruebasena.local,
3000000110,Kevin Ramírez Morales,instructor,SENA,usuario110@pruebasena.local,usuario110
3000000111,Laura Vargas Restrepo,vigilante,Seguridad SENA,usuario111@pruebasena.local,usuario111
3000000112,Miguel Rojas Sánchez,contratista,Servicios Integrales,usuario112@pruebasena.local,
3000000113,Natalia Silva Rojas,visitante,Entidad Invitada,usuario113@pruebasena.local,
3000000114,Óscar Restrepo García,proveedor,Proveedores Nacionales,usuario114@pruebasena.local,
3000000115,Paula Martínez Ramírez,aprendiz,SENA,usuario115@pruebasena.local,
3000000116,Ricardo Pérez Herrera,instructor,SENA,usuario116@pruebasena.local,usuario116
3000000117,Sofía Torres Rodríguez,vigilante,Seguridad SENA,usuario117@pruebasena.local,usuario117
3000000118,Tomás Castro Torres,contratista,Servicios Integrales,usuario118@pruebasena.local,
3000000119,Valentina Herrera Mendoza,visitante,Entidad Invitada,usuario119@pruebasena.local,
3000000120,William Quintero Martínez,proveedor,Proveedores Nacionales,usuario120@pruebasena.local,
3000000121,Ana García Flores,aprendiz,SENA,usuario121@pruebasena.local,
3000000122,Carlos López Silva,instructor,SENA,usuario122@pruebasena.local,usuario122
3000000123,Diana Sánchez López,vigilante,Seguridad SENA,usuario123@pruebasena.local,usuario123
3000000124,Esteban Flores Vargas,contratista,Servicios Integrales,usuario124@pruebasena.local,
3000000125,Fernanda Morales Quintero,visitante,Entidad Invitada,usuario125@pruebasena.local,
3000000126,Gabriel Mendoza González,proveedor,Proveedores Nacionales,usuario126@pruebasena.local,
3000000127,Helena Suárez Castro,aprendiz,SENA,usuario127@pruebasena.local,
3000000128,Iván Rodríguez Suárez,instructor,SENA,usuario128@pruebasena.local,usuario128
3000000129,Juliana González Pérez,vigilante,Seguridad SENA,usuario129@pruebasena.local,usuario129
3000000130,Kevin Ramírez Morales,contratista,Servicios Integrales,usuario130@pruebasena.local,
3000000131,Laura Vargas Restrepo,visitante,Entidad Invitada,usuario131@pruebasena.local,
3000000132,Miguel Rojas Sánchez,proveedor,Proveedores Nacionales,usuario132@pruebasena.local,
3000000133,Natalia Silva Rojas,aprendiz,SENA,usuario133@pruebasena.local,
3000000134,Óscar Restrepo García,instructor,SENA,usuario134@pruebasena.local,usuario134
3000000135,Paula Martínez Ramírez,vigilante,Seguridad SENA,usuario135@pruebasena.local,usuario135
3000000136,Ricardo Pérez Herrera,contratista,Servicios Integrales,usuario136@pruebasena.local,
3000000137,Sofía Torres Rodríguez,visitante,Entidad Invitada,usuario137@pruebasena.local,
3000000138,Tomás Castro Torres,proveedor,Proveedores Nacionales,usuario138@pruebasena.local,
3000000139,Valentina Herrera Mendoza,aprendiz,SENA,usuario139@pruebasena.local,
3000000140,William Quintero Martínez,instructor,SENA,usuario140@pruebasena.local,usuario140
3000000141,Ana García Flores,vigilante,Seguridad SENA,usuario141@pruebasena.local,usuario141
3000000142,Carlos López Silva,contratista,Servicios Integrales,usuario142@pruebasena.local,
3000000143,Diana Sánchez López,visitante,Entidad Invitada,usuario143@pruebasena.local,
3000000144,Esteban Flores Vargas,proveedor,Proveedores Nacionales,usuario144@pruebasena.local,
3000000145,Fernanda Morales Quintero,aprendiz,SENA,usuario145@pruebasena.local,
3000000146,Gabriel Mendoza González,instructor,SENA,usuario146@pruebasena.local,usuario146
3000000147,Helena Suárez Castro,vigilante,Seguridad SENA,usuario147@pruebasena.local,usuario147
3000000148,Iván Rodríguez Suárez,contratista,Servicios Integrales,usuario148@pruebasena.local,
3000000149,Juliana González Pérez,visitante,Entidad Invitada,usuario149@pruebasena.local,
3000000150,Kevin Ramírez Morales,proveedor,Proveedores Nacionales,usuario150@pruebasena.local,
3000000151,Laura Vargas Restrepo,aprendiz,SENA,usuario151@pruebasena.local,
3000000152,Miguel Rojas Sánchez,instructor,SENA,usuario152@pruebasena.local,usuario152
3000000153,Natalia Silva Rojas,vigilante,Seguridad SENA,usuario153@pruebasena.local,usuario153
3000000154,Óscar Restrepo García,contratista,Servicios Integrales,usuario154@pruebasena.local,
3000000155,Paula Martínez Ramírez,visitante,Entidad Invitada,usuario155@pruebasena.local,
3000000156,Ricardo Pérez Herrera,proveedor,Proveedores Nacionales,usuario156@pruebasena.local,
3000000157,Sofía Torres Rodríguez,aprendiz,SENA,usuario157@pruebasena.local,
3000000158,Tomás Castro Torres,instructor,SENA,usuario158@pruebasena.local,usuario158
3000000159,Valentina Herrera Mendoza,vigilante,Seguridad SENA,usuario159@pruebasena.local,usuario159
3000000160,William Quintero Martínez,contratista,Servicios Integrales,usuario160@pruebasena.local,
3000000161,Ana García Flores,visitante,Entidad Invitada,usuario161@pruebasena.local,
3000000162,Carlos López Silva,proveedor,Proveedores Nacionales,usuario162@pruebasena.local,
3000000163,Diana Sánchez López,aprendiz,SENA,usuario163@pruebasena.local,
3000000164,Esteban Flores Vargas,instructor,SENA,usuario164@pruebasena.local,usuario164
3000000165,Fernanda Morales Quintero,vigilante,Seguridad SENA,usuario165@pruebasena.local,usuario165
3000000166,Gabriel Mendoza González,contratista,Servicios Integrales,usuario166@pruebasena.local,
3000000167,Helena Suárez Castro,visitante,Entidad Invitada,usuario167@pruebasena.local,
3000000168,Iván Rodríguez Suárez,proveedor,Proveedores Nacionales,usuario168@pruebasena.local,
3000000169,Juliana González Pérez,aprendiz,SENA,usuario169@pruebasena.local,
3000000170,Kevin Ramírez Morales,instructor,SENA,usuario170@pruebasena.local,usuario170
3000000171,Laura Vargas Restrepo,vigilante,Seguridad SENA,usuario171@pruebasena.local,usuario171
3000000172,Miguel Rojas Sánchez,contratista,Servicios Integrales,usuario172@pruebasena.local,
3000000173,Natalia Silva Rojas,visitante,Entidad Invitada,usuario173@pruebasena.local,
3000000174,Óscar Restrepo García,proveedor,Proveedores Nacionales,usuario174@pruebasena.local,
3000000175,Paula Martínez Ramírez,aprendiz,SENA,usuario175@pruebasena.local,
3000000176,Ricardo Pérez Herrera,instructor,SENA,usuario176@pruebasena.local,usuario176
3000000177,Sofía Torres Rodríguez,vigilante,Seguridad SENA,usuario177@pruebasena.local,usuario177
3000000178,Tomás Castro Torres,contratista,Servicios Integrales,usuario178@pruebasena.local,
3000000179,Valentina Herrera Mendoza,visitante,Entidad Invitada,usuario179@pruebasena.local,
3000000180,William Quintero Martínez,proveedor,Proveedores Nacionales,usuario180@pruebasena.local,
3000000181,Ana García Flores,aprendiz,SENA,usuario181@pruebasena.local,
3000000182,Carlos López Silva,instructor,SENA,usuario182@pruebasena.local,usuario182
3000000183,Diana Sánchez López,vigilante,Seguridad SENA,usuario183@pruebasena.local,usuario183
3000000184,Esteban Flores Vargas,contratista,Servicios Integrales,usuario184@pruebasena.local,
3000000185,Fernanda Morales Quintero,visitante,Entidad Invitada,usuario185@pruebasena.local,
3000000186,Gabriel Mendoza González,proveedor,Proveedores Nacionales,usuario186@pruebasena.local,
3000000187,Helena Suárez Castro,aprendiz,SENA,usuario187@pruebasena.local,
3000000188,Iván Rodríguez Suárez,instructor,SENA,usuario188@pruebasena.local,usuario188
3000000189,Juliana González Pérez,vigilante,Seguridad SENA,usuario189@pruebasena.local,usuario189
3000000190,Kevin Ramírez Morales,contratista,Servicios Integrales,usuario190@pruebasena.local,
3000000191,Laura Vargas Restrepo,visitante,Entidad Invitada,usuario191@pruebasena.local,
3000000192,Miguel Rojas Sánchez,proveedor,Proveedores Nacionales,usuario192@pruebasena.local,
3000000193,Natalia Silva Rojas,aprendiz,SENA,usuario193@pruebasena.local,
3000000194,Óscar Restrepo García,instructor,SENA,usuario194@pruebasena.local,usuario194
3000000195,Paula Martínez Ramírez,vigilante,Seguridad SENA,usuario195@pruebasena.local,usuario195
3000000196,Ricardo Pérez Herrera,contratista,Servicios Integrales,usuario196@pruebasena.local,
3000000197,Sofía Torres Rodríguez,visitante,Entidad Invitada,usuario197@pruebasena.local,
3000000198,Tomás Castro Torres,proveedor,Proveedores Nacionales,usuario198@pruebasena.local,
3000000199,Valentina Herrera Mendoza,aprendiz,SENA,usuario199@pruebasena.local,
3000000200,William Quintero Martínez,instructor,SENA,usuario200@pruebasena.local,usuario200
3000000201,Ana García Flores,vigilante,Seguridad SENA,usuario201@pruebasena.local,usuario201
3000000202,Carlos López Silva,contratista,Servicios Integrales,usuario202@pruebasena.local,
3000000203,Diana Sánchez López,visitante,Entidad Invitada,usuario203@pruebasena.local,
3000000204,Esteban Flores Vargas,proveedor,Proveedores Nacionales,usuario204@pruebasena.local,
3000000205,Fernanda Morales Quintero,aprendiz,SENA,usuario205@pruebasena.local,
3000000206,Gabriel Mendoza González,instructor,SENA,usuario206@pruebasena.local,usuario206
3000000207,Helena Suárez Castro,vigilante,Seguridad SENA,usuario207@pruebasena.local,usuario207
3000000208,Iván Rodríguez Suárez,contratista,Servicios Integrales,usuario208@pruebasena.local,
3000000209,Juliana González Pérez,visitante,Entidad Invitada,usuario209@pruebasena.local,
3000000210,Kevin Ramírez Morales,proveedor,Proveedores Nacionales,usuario210@pruebasena.local,
3000000211,Laura Vargas Restrepo,aprendiz,SENA,usuario211@pruebasena.local,
3000000212,Miguel Rojas Sánchez,instructor,SENA,usuario212@pruebasena.local,usuario212
3000000213,Natalia Silva Rojas,vigilante,Seguridad SENA,usuario213@pruebasena.local,usuario213
3000000214,Óscar Restrepo García,contratista,Servicios Integrales,usuario214@pruebasena.local,
3000000215,Paula Martínez Ramírez,visitante,Entidad Invitada,usuario215@pruebasena.local,
3000000216,Ricardo Pérez Herrera,proveedor,Proveedores Nacionales,usuario216@pruebasena.local,
3000000217,Sofía Torres Rodríguez,aprendiz,SENA,usuario217@pruebasena.local,
3000000218,Tomás Castro Torres,instructor,SENA,usuario218@pruebasena.local,usuario218
3000000219,Valentina Herrera Mendoza,vigilante,Seguridad SENA,usuario219@pruebasena.local,usuario219
3000000220,William Quintero Martínez,contratista,Servicios Integrales,usuario220@pruebasena.local,
3000000221,Ana García Flores,visitante,Entidad Invitada,usuario221@pruebasena.local,
3000000222,Carlos López Silva,proveedor,Proveedores Nacionales,usuario222@pruebasena.local,
3000000223,Diana Sánchez López,aprendiz,SENA,usuario223@pruebasena.local,
3000000224,Esteban Flores Vargas,instructor,SENA,usuario224@pruebasena.local,usuario224
3000000225,Fernanda Morales Quintero,vigilante,Seguridad SENA,usuario225@pruebasena.local,usuario225
3000000226,Gabriel Mendoza González,contratista,Servicios Integrales,usuario226@pruebasena.local,
3000000227,Helena Suárez Castro,visitante,Entidad Invitada,usuario227@pruebasena.local,
3000000228,Iván Rodríguez Suárez,proveedor,Proveedores Nacionales,usuario228@pruebasena.local,
3000000229,Juliana González Pérez,aprendiz,SENA,usuario229@pruebasena.local,
3000000230,Kevin Ramírez Morales,instructor,SENA,usuario230@pruebasena.local,usuario230
3000000231,Laura Vargas Restrepo,vigilante,Seguridad SENA,usuario231@pruebasena.local,usuario231
3000000232,Miguel Rojas Sánchez,contratista,Servicios Integrales,usuario232@pruebasena.local,
3000000233,Natalia Silva Rojas,visitante,Entidad Invitada,usuario233@pruebasena.local,
3000000234,Óscar Restrepo García,proveedor,Proveedores Nacionales,usuario234@pruebasena.local,
3000000235,Paula Martínez Ramírez,aprendiz,SENA,usuario235@pruebasena.local,
3000000236,Ricardo Pérez Herrera,instructor,SENA,usuario236@pruebasena.local,usuario236
3000000237,Sofía Torres Rodríguez,vigilante,Seguridad SENA,usuario237@pruebasena.local,usuario237
3000000238,Tomás Castro Torres,contratista,Servicios Integrales,usuario238@pruebasena.local,
3000000239,Valentina Herrera Mendoza,visitante,Entidad Invitada,usuario239@pruebasena.local,
3000000240,William Quintero Martínez,proveedor,Proveedores Nacionales,usuario240@pruebasena.local,
3000000241,Ana García Flores,aprendiz,SENA,usuario241@pruebasena.local,
3000000242,Carlos López Silva,instructor,SENA,usuario242@pruebasena.local,usuario242
3000000243,Diana Sánchez López,vigilante,Seguridad SENA,usuario243@pruebasena.local,usuario243
3000000244,Esteban Flores Vargas,contratista,Servicios Integrales,usuario244@pruebasena.local,
3000000245,Fernanda Morales Quintero,visitante,Entidad Invitada,usuario245@pruebasena.local,
3000000246,Gabriel Mendoza González,proveedor,Proveedores Nacionales,usuario246@pruebasena.local,
3000000247,Helena Suárez Castro,aprendiz,SENA,usuario247@pruebasena.local,
3000000248,Iván Rodríguez Suárez,instructor,SENA,usuario248@pruebasena.local,usuario248
3000000249,Juliana González Pérez,vigilante,Seguridad SENA,usuario249@pruebasena.local,usuario249
3000000250,Kevin Ramírez Morales,contratista,Servicios Integrales,usuario250@pruebasena.local,
3000000251,Laura Vargas Restrepo,visitante,Entidad Invitada,usuario251@pruebasena.local,
3000000252,Miguel Rojas Sánchez,proveedor,Proveedores Nacionales,usuario252@pruebasena.local,
3000000253,Natalia Silva Rojas,aprendiz,SENA,usuario253@pruebasena.local,
3000000254,Óscar Restrepo García,instructor,SENA,usuario254@pruebasena.local,usuario254
3000000255,Paula Martínez Ramírez,vigilante,Seguridad SENA,usuario255@pruebasena.local,usuario255
3000000256,Ricardo Pérez Herrera,contratista,Servicios Integrales,usuario256@pruebasena.local,
3000000257,Sofía Torres Rodríguez,visitante,Entidad Invitada,usuario257@pruebasena.local,
3000000258,Tomás Castro Torres,proveedor,Proveedores Nacionales,usuario258@pruebasena.local,
3000000259,Valentina Herrera Mendoza,aprendiz,SENA,usuario259@pruebasena.local,
3000000260,William Quintero Martínez,instructor,SENA,usuario260@pruebasena.local,usuario260
3000000261,Ana García Flores,vigilante,Seguridad SENA,usuario261@pruebasena.local,usuario261
3000000262,Carlos López Silva,contratista,Servicios Integrales,usuario262@pruebasena.local,
3000000263,Diana Sánchez López,visitante,Entidad Invitada,usuario263@pruebasena.local,
3000000264,Esteban Flores Vargas,proveedor,Proveedores Nacionales,usuario264@pruebasena.local,
3000000265,Fernanda Morales Quintero,aprendiz,SENA,usuario265@pruebasena.local,
3000000266,Gabriel Mendoza González,instructor,SENA,usuario266@pruebasena.local,usuario266
3000000267,Helena Suárez Castro,vigilante,Seguridad SENA,usuario267@pruebasena.local,usuario267
3000000268,Iván Rodríguez Suárez,contratista,Servicios Integrales,usuario268@pruebasena.local,
3000000269,Juliana González Pérez,visitante,Entidad Invitada,usuario269@pruebasena.local,
3000000270,Kevin Ramírez Morales,proveedor,Proveedores Nacionales,usuario270@pruebasena.local,
3000000271,Laura Vargas Restrepo,aprendiz,SENA,usuario271@pruebasena.local,
3000000272,Miguel Rojas Sánchez,instructor,SENA,usuario272@pruebasena.local,usuario272
3000000273,Natalia Silva Rojas,vigilante,Seguridad SENA,usuario273@pruebasena.local,usuario273
3000000274,Óscar Restrepo García,contratista,Servicios Integrales,usuario274@pruebasena.local,
3000000275,Paula Martínez Ramírez,visitante,Entidad Invitada,usuario275@pruebasena.local,
3000000276,Ricardo Pérez Herrera,proveedor,Proveedores Nacionales,usuario276@pruebasena.local,
3000000277,Sofía Torres Rodríguez,aprendiz,SENA,usuario277@pruebasena.local,
3000000278,Tomás Castro Torres,instructor,SENA,usuario278@pruebasena.local,usuario278
3000000279,Valentina Herrera Mendoza,vigilante,Seguridad SENA,usuario279@pruebasena.local,usuario279
3000000280,William Quintero Martínez,contratista,Servicios Integrales,usuario280@pruebasena.local,
3000000281,Ana García Flores,visitante,Entidad Invitada,usuario281@pruebasena.local,
3000000282,Carlos López Silva,proveedor,Proveedores Nacionales,usuario282@pruebasena.local,
3000000283,Diana Sánchez López,aprendiz,SENA,usuario283@pruebasena.local,
3000000284,Esteban Flores Vargas,instructor,SENA,usuario284@pruebasena.local,usuario284
3000000285,Fernanda Morales Quintero,vigilante,Seguridad SENA,usuario285@pruebasena.local,usuario285
3000000286,Gabriel Mendoza González,contratista,Servicios Integrales,usuario286@pruebasena.local,
3000000287,Helena Suárez Castro,visitante,Entidad Invitada,usuario287@pruebasena.local,
3000000288,Iván Rodríguez Suárez,proveedor,Proveedores Nacionales,usuario288@pruebasena.local,
3000000289,Juliana González Pérez,aprendiz,SENA,usuario289@pruebasena.local,
3000000290,Kevin Ramírez Morales,instructor,SENA,usuario290@pruebasena.local,usuario290
3000000291,Laura Vargas Restrepo,vigilante,Seguridad SENA,usuario291@pruebasena.local,usuario291
3000000292,Miguel Rojas Sánchez,contratista,Servicios Integrales,usuario292@pruebasena.local,
3000000293,Natalia Silva Rojas,visitante,Entidad Invitada,usuario293@pruebasena.local,
3000000294,Óscar Restrepo García,proveedor,Proveedores Nacionales,usuario294@pruebasena.local,
3000000295,Paula Martínez Ramírez,aprendiz,SENA,usuario295@pruebasena.local,
3000000296,Ricardo Pérez Herrera,instructor,SENA,usuario296@pruebasena.local,usuario296
3000000297,Sofía Torres Rodríguez,vigilante,Seguridad SENA,usuario297@pruebasena.local,usuario297
3000000298,Tomás Castro Torres,contratista,Servicios Integrales,usuario298@pruebasena.local,
3000000299,Valentina Herrera Mendoza,visitante,Entidad Invitada,usuario299@pruebasena.local,
3000000300,William Quintero Martínez,proveedor,Proveedores Nacionales,usuario300@pruebasena.local,
3000000301,Ana García Flores,aprendiz,SENA,usuario301@pruebasena.local,
3000000302,Carlos López Silva,instructor,SENA,usuario302@pruebasena.local,usuario302
3000000303,Diana Sánchez López,vigilante,Seguridad SENA,usuario303@pruebasena.local,usuario303
3000000304,Esteban Flores Vargas,contratista,Servicios Integrales,usuario304@pruebasena.local,
3000000305,Fernanda Morales Quintero,visitante,Entidad Invitada,usuario305@pruebasena.local,
3000000306,Gabriel Mendoza González,proveedor,Proveedores Nacionales,usuario306@pruebasena.local,
3000000307,Helena Suárez Castro,aprendiz,SENA,usuario307@pruebasena.local,
3000000308,Iván Rodríguez Suárez,instructor,SENA,usuario308@pruebasena.local,usuario308
3000000309,Juliana González Pérez,vigilante,Seguridad SENA,usuario309@pruebasena.local,usuario309
3000000310,Kevin Ramírez Morales,contratista,Servicios Integrales,usuario310@pruebasena.local,
3000000311,Laura Vargas Restrepo,visitante,Entidad Invitada,usuario311@pruebasena.local,
3000000312,Miguel Rojas Sánchez,proveedor,Proveedores Nacionales,usuario312@pruebasena.local,
3000000313,Natalia Silva Rojas,aprendiz,SENA,usuario313@pruebasena.local,
3000000314,Óscar Restrepo García,instructor,SENA,usuario314@pruebasena.local,usuario314
3000000315,Paula Martínez Ramírez,vigilante,Seguridad SENA,usuario315@pruebasena.local,usuario315
3000000316,Ricardo Pérez Herrera,contratista,Servicios Integrales,usuario316@pruebasena.local,
3000000317,Sofía Torres Rodríguez,visitante,Entidad Invitada,usuario317@pruebasena.local,
3000000318,Tomás Castro Torres,proveedor,Proveedores Nacionales,usuario318@pruebasena.local,
3000000319,Valentina Herrera Mendoza,aprendiz,SENA,usuario319@pruebasena.local,
3000000320,William Quintero Martínez,instructor,SENA,usuario320@pruebasena.local,usuario320
3000000321,Ana García Flores,vigilante,Seguridad SENA,usuario321@pruebasena.local,usuario321
3000000322,Carlos López Silva,contratista,Servicios Integrales,usuario322@pruebasena.local,
3000000323,Diana Sánchez López,visitante,Entidad Invitada,usuario323@pruebasena.local,
3000000324,Esteban Flores Vargas,proveedor,Proveedores Nacionales,usuario324@pruebasena.local,
3000000325,Fernanda Morales Quintero,aprendiz,SENA,usuario325@pruebasena.local,
3000000326,Gabriel Mendoza González,instructor,SENA,usuario326@pruebasena.local,usuario326
3000000327,Helena Suárez Castro,vigilante,Seguridad SENA,usuario327@pruebasena.local,usuario327
3000000328,Iván Rodríguez Suárez,contratista,Servicios Integrales,usuario328@pruebasena.local,
3000000329,Juliana González Pérez,visitante,Entidad Invitada,usuario329@pruebasena.local,
3000000330,Kevin Ramírez Morales,proveedor,Proveedores Nacionales,usuario330@pruebasena.local,
3000000331,Laura Vargas Restrepo,aprendiz,SENA,usuario331@pruebasena.local,
3000000332,Miguel Rojas Sánchez,instructor,SENA,usuario332@pruebasena.local,usuario332
3000000333,Natalia Silva Rojas,vigilante,Seguridad SENA,usuario333@pruebasena.local,usuario333
3000000334,Óscar Restrepo García,contratista,Servicios Integrales,usuario334@pruebasena.local,
3000000335,Paula Martínez Ramírez,visitante,Entidad Invitada,usuario335@pruebasena.local,
3000000336,Ricardo Pérez Herrera,proveedor,Proveedores Nacionales,usuario336@pruebasena.local,
3000000337,Sofía Torres Rodríguez,aprendiz,SENA,usuario337@pruebasena.local,
3000000338,Tomás Castro Torres,instructor,SENA,usuario338@pruebasena.local,usuario338
3000000339,Valentina Herrera Mendoza,vigilante,Seguridad SENA,usuario339@pruebasena.local,usuario339
3000000340,William Quintero Martínez,contratista,Servicios Integrales,usuario340@pruebasena.local,
3000000341,Ana García Flores,visitante,Entidad Invitada,usuario341@pruebasena.local,
3000000342,Carlos López Silva,proveedor,Proveedores Nacionales,usuario342@pruebasena.local,
3000000343,Diana Sánchez López,aprendiz,SENA,usuario343@pruebasena.local,
3000000344,Esteban Flores Vargas,instructor,SENA,usuario344@pruebasena.local,usuario344
3000000345,Fernanda Morales Quintero,vigilante,Seguridad SENA,usuario345@pruebasena.local,usuario345
3000000346,Gabriel Mendoza González,contratista,Servicios Integrales,usuario346@pruebasena.local,
3000000347,Helena Suárez Castro,visitante,Entidad Invitada,usuario347@pruebasena.local,
3000000348,Iván Rodríguez Suárez,proveedor,Proveedores Nacionales,usuario348@pruebasena.local,
3000000349,Juliana González Pérez,aprendiz,SENA,usuario349@pruebasena.local,
3000000350,Kevin Ramírez Morales,instructor,SENA,usuario350@pruebasena.local,usuario350
3000000351,Laura Vargas Restrepo,vigilante,Seguridad SENA,usuario351@pruebasena.local,usuario351
3000000352,Miguel Rojas Sánchez,contratista,Servicios Integrales,usuario352@pruebasena.local,
3000000353,Natalia Silva Rojas,visitante,Entidad Invitada,usuario353@pruebasena.local,
3000000354,Óscar Restrepo García,proveedor,Proveedores Nacionales,usuario354@pruebasena.local,
3000000355,Paula Martínez Ramírez,aprendiz,SENA,usuario355@pruebasena.local,
3000000356,Ricardo Pérez Herrera,instructor,SENA,usuario356@pruebasena.local,usuario356
3000000357,Sofía Torres Rodríguez,vigilante,Seguridad SENA,usuario357@pruebasena.local,usuario357
3000000358,Tomás Castro Torres,contratista,Servicios Integrales,usuario358@pruebasena.local,
3000000359,Valentina Herrera Mendoza,visitante,Entidad Invitada,usuario359@pruebasena.local,
3000000360,William Quintero Martínez,proveedor,Proveedores Nacionales,usuario360@pruebasena.local,
3000000361,Ana García Flores,aprendiz,SENA,usuario361@pruebasena.local,
3000000362,Carlos López Silva,instructor,SENA,usuario362@pruebasena.local,usuario362
3000000363,Diana Sánchez López,vigilante,Seguridad SENA,usuario363@pruebasena.local,usuario363
3000000364,Esteban Flores Vargas,contratista,Servicios Integrales,usuario364@pruebasena.local,
3000000365,Fernanda Morales Quintero,visitante,Entidad Invitada,usuario365@pruebasena.local,
3000000366,Gabriel Mendoza González,proveedor,Proveedores Nacionales,usuario366@pruebasena.local,
3000000367,Helena Suárez Castro,aprendiz,SENA,usuario367@pruebasena.local,
3000000368,Iván Rodríguez Suárez,instructor,SENA,usuario368@pruebasena.local,usuario368
3000000369,Juliana González Pérez,vigilante,Seguridad SENA,usuario369@pruebasena.local,usuario369
3000000370,Kevin Ramírez Morales,contratista,Servicios Integrales,usuario370@pruebasena.local,
3000000371,Laura Vargas Restrepo,visitante,Entidad Invitada,usuario371@pruebasena.local,
3000000372,Miguel Rojas Sánchez,proveedor,Proveedores Nacionales,usuario372@pruebasena.local,
3000000373,Natalia Silva Rojas,aprendiz,SENA,usuario373@pruebasena.local,
3000000374,Óscar Restrepo García,instructor,SENA,usuario374@pruebasena.local,usuario374
3000000375,Paula Martínez Ramírez,vigilante,Seguridad SENA,usuario375@pruebasena.local,usuario375
3000000376,Ricardo Pérez Herrera,contratista,Servicios Integrales,usuario376@pruebasena.local,
3000000377,Sofía Torres Rodríguez,visitante,Entidad Invitada,usuario377@pruebasena.local,
3000000378,Tomás Castro Torres,proveedor,Proveedores Nacionales,usuario378@pruebasena.local,
3000000379,Valentina Herrera Mendoza,aprendiz,SENA,usuario379@pruebasena.local,
3000000380,William Quintero Martínez,instructor,SENA,usuario380@pruebasena.local,usuario380
3000000381,Ana García Flores,vigilante,Seguridad SENA,usuario381@pruebasena.local,usuario381
3000000382,Carlos López Silva,contratista,Servicios Integrales,usuario382@pruebasena.local,
3000000383,Diana Sánchez López,visitante,Entidad Invitada,usuario383@pruebasena.local,
3000000384,Esteban Flores Vargas,proveedor,Proveedores Nacionales,usuario384@pruebasena.local,
3000000385,Fernanda Morales Quintero,aprendiz,SENA,usuario385@pruebasena.local,
3000000386,Gabriel Mendoza González,instructor,SENA,usuario386@pruebasena.local,usuario386
3000000387,Helena Suárez Castro,vigilante,Seguridad SENA,usuario387@pruebasena.local,usuario387
3000000388,Iván Rodríguez Suárez,contratista,Servicios Integrales,usuario388@pruebasena.local,
3000000389,Juliana González Pérez,visitante,Entidad Invitada,usuario389@pruebasena.local,
3000000390,Kevin Ramírez Morales,proveedor,Proveedores Nacionales,usuario390@pruebasena.local,
3000000391,Laura Vargas Restrepo,aprendiz,SENA,usuario391@pruebasena.local,
3000000392,Miguel Rojas Sánchez,instructor,SENA,usuario392@pruebasena.local,usuario392
3000000393,Natalia Silva Rojas,vigilante,Seguridad SENA,usuario393@pruebasena.local,usuario393
3000000394,Óscar Restrepo García,contratista,Servicios Integrales,usuario394@pruebasena.local,
3000000395,Paula Martínez Ramírez,visitante,Entidad Invitada,usuario395@pruebasena.local,
3000000396,Ricardo Pérez Herrera,proveedor,Proveedores Nacionales,usuario396@pruebasena.local,
3000000397,Sofía Torres Rodríguez,aprendiz,SENA,usuario397@pruebasena.local,
3000000398,Tomás Castro Torres,instructor,SENA,usuario398@pruebasena.local,usuario398
3000000399,Valentina Herrera Mendoza,vigilante,Seguridad SENA,usuario399@pruebasena.local,usuario399
3000000400,William Quintero Martínez,contratista,Servicios Integrales,usuario400@pruebasena.local,
3000000401,Ana García Flores,visitante,Entidad Invitada,usuario401@pruebasena.local,
3000000402,Carlos López Silva,proveedor,Proveedores Nacionales,usuario402@pruebasena.local,
3000000403,Diana Sánchez López,aprendiz,SENA,usuario403@pruebasena.local,
3000000404,Esteban Flores Vargas,instructor,SENA,usuario404@pruebasena.local,usuario404
3000000405,Fernanda Morales Quintero,vigilante,Seguridad SENA,usuario405@pruebasena.local,usuario405
3000000406,Gabriel Mendoza González,contratista,Servicios Integrales,usuario406@pruebasena.local,
3000000407,Helena Suárez Castro,visitante,Entidad Invitada,usuario407@pruebasena.local,
3000000408,Iván Rodríguez Suárez,proveedor,Proveedores Nacionales,usuario408@pruebasena.local,
3000000409,Juliana González Pérez,aprendiz,SENA,usuario409@pruebasena.local,
3000000410,Kevin Ramírez Morales,instructor,SENA,usuario410@pruebasena.local,usuario410
3000000411,Laura Vargas Restrepo,vigilante,Seguridad SENA,usuario411@pruebasena.local,usuario411
3000000412,Miguel Rojas Sánchez,contratista,Servicios Integrales,usuario412@pruebasena.local,
3000000413,Natalia Silva Rojas,visitante,Entidad Invitada,usuario413@pruebasena.local,
3000000414,Óscar Restrepo García,proveedor,Proveedores Nacionales,usuario414@pruebasena.local,
3000000415,Paula Martínez Ramírez,aprendiz,SENA,usuario415@pruebasena.local,
3000000416,Ricardo Pérez Herrera,instructor,SENA,usuario416@pruebasena.local,usuario416
3000000417,Sofía Torres Rodríguez,vigilante,Seguridad SENA,usuario417@pruebasena.local,usuario417
3000000418,Tomás Castro Torres,contratista,Servicios Integrales,usuario418@pruebasena.local,
3000000419,Valentina Herrera Mendoza,visitante,Entidad Invitada,usuario419@pruebasena.local,
3000000420,William Quintero Martínez,proveedor,Proveedores Nacionales,usuario420@pruebasena.local,
3000000421,Ana García Flores,aprendiz,SENA,usuario421@pruebasena.local,
3000000422,Carlos López Silva,instructor,SENA,usuario422@pruebasena.local,usuario422
3000000423,Diana Sánchez López,vigilante,Seguridad SENA,usuario423@pruebasena.local,usuario423
3000000424,Esteban Flores Vargas,contratista,Servicios Integrales,usuario424@pruebasena.local,
3000000425,Fernanda Morales Quintero,visitante,Entidad Invitada,usuario425@pruebasena.local,
3000000426,Gabriel Mendoza González,proveedor,Proveedores Nacionales,usuario426@pruebasena.local,
3000000427,Helena Suárez Castro,aprendiz,SENA,usuario427@pruebasena.local,
3000000428,Iván Rodríguez Suárez,instructor,SENA,usuario428@pruebasena.local,usuario428
3000000429,Juliana González Pérez,vigilante,Seguridad SENA,usuario429@pruebasena.local,usuario429
3000000430,Kevin Ramírez Morales,contratista,Servicios Integrales,usuario430@pruebasena.local,
3000000431,Laura Vargas Restrepo,visitante,Entidad Invitada,usuario431@pruebasena.local,
3000000432,Miguel Rojas Sánchez,proveedor,Proveedores Nacionales,usuario432@pruebasena.local,
3000000433,Natalia Silva Rojas,aprendiz,SENA,usuario433@pruebasena.local,
3000000434,Óscar Restrepo García,instructor,SENA,usuario434@pruebasena.local,usuario434
3000000435,Paula Martínez Ramírez,vigilante,Seguridad SENA,usuario435@pruebasena.local,usuario435
3000000436,Ricardo Pérez Herrera,contratista,Servicios Integrales,usuario436@pruebasena.local,
3000000437,Sofía Torres Rodríguez,visitante,Entidad Invitada,usuario437@pruebasena.local,
3000000438,Tomás Castro Torres,proveedor,Proveedores Nacionales,usuario438@pruebasena.local,
3000000439,Valentina Herrera Mendoza,aprendiz,SENA,usuario439@pruebasena.local,
3000000440,William Quintero Martínez,instructor,SENA,usuario440@pruebasena.local,usuario440
3000000441,Ana García Flores,vigilante,Seguridad SENA,usuario441@pruebasena.local,usuario441
3000000442,Carlos López Silva,contratista,Servicios Integrales,usuario442@pruebasena.local,
3000000443,Diana Sánchez López,visitante,Entidad Invitada,usuario443@pruebasena.local,
3000000444,Esteban Flores Vargas,proveedor,Proveedores Nacionales,usuario444@pruebasena.local,
3000000445,Fernanda Morales Quintero,aprendiz,SENA,usuario445@pruebasena.local,
3000000446,Gabriel Mendoza González,instructor,SENA,usuario446@pruebasena.local,usuario446
3000000447,Helena Suárez Castro,vigilante,Seguridad SENA,usuario447@pruebasena.local,usuario447
3000000448,Iván Rodríguez Suárez,contratista,Servicios Integrales,usuario448@pruebasena.local,
3000000449,Juliana González Pérez,visitante,Entidad Invitada,usuario449@pruebasena.local,
3000000450,Kevin Ramírez Morales,proveedor,Proveedores Nacionales,usuario450@pruebasena.local,
3000000451,Laura Vargas Restrepo,aprendiz,SENA,usuario451@pruebasena.local,
3000000452,Miguel Rojas Sánchez,instructor,SENA,usuario452@pruebasena.local,usuario452
3000000453,Natalia Silva Rojas,vigilante,Seguridad SENA,usuario453@pruebasena.local,usuario453
3000000454,Óscar Restrepo García,contratista,Servicios Integrales,usuario454@pruebasena.local,
3000000455,Paula Martínez Ramírez,visitante,Entidad Invitada,usuario455@pruebasena.local,
3000000456,Ricardo Pérez Herrera,proveedor,Proveedores Nacionales,usuario456@pruebasena.local,
3000000457,Sofía Torres Rodríguez,aprendiz,SENA,usuario457@pruebasena.local,
3000000458,Tomás Castro Torres,instructor,SENA,usuario458@pruebasena.local,usuario458
3000000459,Valentina Herrera Mendoza,vigilante,Seguridad SENA,usuario459@pruebasena.local,usuario459
3000000460,William Quintero Martínez,contratista,Servicios Integrales,usuario460@pruebasena.local,
3000000461,Ana García Flores,visitante,Entidad Invitada,usuario461@pruebasena.local,
3000000462,Carlos López Silva,proveedor,Proveedores Nacionales,usuario462@pruebasena.local,
3000000463,Diana Sánchez López,aprendiz,SENA,usuario463@pruebasena.local,
3000000464,Esteban Flores Vargas,instructor,SENA,usuario464@pruebasena.local,usuario464
3000000465,Fernanda Morales Quintero,vigilante,Seguridad SENA,usuario465@pruebasena.local,usuario465
3000000466,Gabriel Mendoza González,contratista,Servicios Integrales,usuario466@pruebasena.local,
3000000467,Helena Suárez Castro,visitante,Entidad Invitada,usuario467@pruebasena.local,
3000000468,Iván Rodríguez Suárez,proveedor,Proveedores Nacionales,usuario468@pruebasena.local,
3000000469,Juliana González Pérez,aprendiz,SENA,usuario469@pruebasena.local,
3000000470,Kevin Ramírez Morales,instructor,SENA,usuario470@pruebasena.local,usuario470
3000000471,Laura Vargas Restrepo,vigilante,Seguridad SENA,usuario471@pruebasena.local,usuario471
3000000472,Miguel Rojas Sánchez,contratista,Servicios Integrales,usuario472@pruebasena.local,
3000000473,Natalia Silva Rojas,visitante,Entidad Invitada,usuario473@pruebasena.local,
3000000474,Óscar Restrepo García,proveedor,Proveedores Nacionales,usuario474@pruebasena.local,
3000000475,Paula Martínez Ramírez,aprendiz,SENA,usuario475@pruebasena.local,
3000000476,Ricardo Pérez Herrera,instructor,SENA,usuario476@pruebasena.local,usuario476
3000000477,Sofía Torres Rodríguez,vigilante,Seguridad SENA,usuario477@pruebasena.local,usuario477
3000000478,Tomás Castro Torres,contratista,Servicios Integrales,usuario478@pruebasena.local,
3000000479,Valentina Herrera Mendoza,visitante,Entidad Invitada,usuario479@pruebasena.local,
3000000480,William Quintero Martínez,proveedor,Proveedores Nacionales,usuario480@pruebasena.local,
3000000481,Ana García Flores,aprendiz,SENA,usuario481@pruebasena.local,
3000000482,Carlos López Silva,instructor,SENA,usuario482@pruebasena.local,usuario482
3000000483,Diana Sánchez López,vigilante,Seguridad SENA,usuario483@pruebasena.local,usuario483
3000000484,Esteban Flores Vargas,contratista,Servicios Integrales,usuario484@pruebasena.local,
3000000485,Fernanda Morales Quintero,visitante,Entidad Invitada,usuario485@pruebasena.local,
3000000486,Gabriel Mendoza González,proveedor,Proveedores Nacionales,usuario486@pruebasena.local,
3000000487,Helena Suárez Castro,aprendiz,SENA,usuario487@pruebasena.local,
3000000488,Iván Rodríguez Suárez,instructor,SENA,usuario488@pruebasena.local,usuario488
3000000489,Juliana González Pérez,vigilante,Seguridad SENA,usuario489@pruebasena.local,usuario489
3000000490,Kevin Ramírez Morales,contratista,Servicios Integrales,usuario490@pruebasena.local,
3000000491,Laura Vargas Restrepo,visitante,Entidad Invitada,usuario491@pruebasena.local,
3000000492,Miguel Rojas Sánchez,proveedor,Proveedores Nacionales,usuario492@pruebasena.local,
3000000493,Natalia Silva Rojas,aprendiz,SENA,usuario493@pruebasena.local,
3000000494,Óscar Restrepo García,instructor,SENA,usuario494@pruebasena.local,usuario494
3000000495,Paula Martínez Ramírez,vigilante,Seguridad SENA,usuario495@pruebasena.local,usuario495
3000000496,Ricardo Pérez Herrera,contratista,Servicios Integrales,usuario496@pruebasena.local,
3000000497,Sofía Torres Rodríguez,visitante,Entidad Invitada,usuario497@pruebasena.local,
3000000498,Tomás Castro Torres,proveedor,Proveedores Nacionales,usuario498@pruebasena.local,
3000000499,Valentina Herrera Mendoza,aprendiz,SENA,usuario499@pruebasena.local,
3000000500,William Quintero Martínez,instructor,SENA,usuario500@pruebasena.local,usuario500
3000000501,Ana García Flores,vigilante,Seguridad SENA,usuario501@pruebasena.local,usuario501
3000000502,Carlos López Silva,contratista,Servicios Integrales,usuario502@pruebasena.local,
3000000503,Diana Sánchez López,visitante,Entidad Invitada,usuario503@pruebasena.local,
3000000504,Esteban Flores Vargas,proveedor,Proveedores Nacionales,usuario504@pruebasena.local,
3000000505,Fernanda Morales Quintero,aprendiz,SENA,usuario505@pruebasena.local,
3000000506,Gabriel Mendoza González,instructor,SENA,usuario506@pruebasena.local,usuario506
3000000507,Helena Suárez Castro,vigilante,Seguridad SENA,usuario507@pruebasena.local,usuario507
3000000508,Iván Rodríguez Suárez,contratista,Servicios Integrales,usuario508@pruebasena.local,
3000000509,Juliana González Pérez,visitante,Entidad Invitada,usuario509@pruebasena.local,
3000000510,Kevin Ramírez Morales,proveedor,Proveedores Nacionales,usuario510@pruebasena.local,
3000000511,Laura Vargas Restrepo,aprendiz,SENA,usuario511@pruebasena.local,
3000000512,Miguel Rojas Sánchez,instructor,SENA,usuario512@pruebasena.local,usuario512
3000000513,Natalia Silva Rojas,vigilante,Seguridad SENA,usuario513@pruebasena.local,usuario513
3000000514,Óscar Restrepo García,contratista,Servicios Integrales,usuario514@pruebasena.local,
3000000515,Paula Martínez Ramírez,visitante,Entidad Invitada,usuario515@pruebasena.local,
3000000516,Ricardo Pérez Herrera,proveedor,Proveedores Nacionales,usuario516@pruebasena.local,
3000000517,Sofía Torres Rodríguez,aprendiz,SENA,usuario517@pruebasena.local,
3000000518,Tomás Castro Torres,instructor,SENA,usuario518@pruebasena.local,usuario518
3000000519,Valentina Herrera Mendoza,vigilante,Seguridad SENA,usuario519@pruebasena.local,usuario519
3000000520,William Quintero Martínez,contratista,Servicios Integrales,usuario520@pruebasena.local,
3000000521,Ana García Flores,visitante,Entidad Invitada,usuario521@pruebasena.local,
3000000522,Carlos López Silva,proveedor,Proveedores Nacionales,usuario522@pruebasena.local,
3000000523,Diana Sánchez López,aprendiz,SENA,usuario523@pruebasena.local,
3000000524,Esteban Flores Vargas,instructor,SENA,usuario524@pruebasena.local,usuario524
3000000525,Fernanda Morales Quintero,vigilante,Seguridad SENA,usuario525@pruebasena.local,usuario525
3000000526,Gabriel Mendoza González,contratista,Servicios Integrales,usuario526@pruebasena.local,
3000000527,Helena Suárez Castro,visitante,Entidad Invitada,usuario527@pruebasena.local,
3000000528,Iván Rodríguez Suárez,proveedor,Proveedores Nacionales,usuario528@pruebasena.local,
3000000529,Juliana González Pérez,aprendiz,SENA,usuario529@pruebasena.local,
3000000530,Kevin Ramírez Morales,instructor,SENA,usuario530@pruebasena.local,usuario530
3000000531,Laura Vargas Restrepo,vigilante,Seguridad SENA,usuario531@pruebasena.local,usuario531
3000000532,Miguel Rojas Sánchez,contratista,Servicios Integrales,usuario532@pruebasena.local,
3000000533,Natalia Silva Rojas,visitante,Entidad Invitada,usuario533@pruebasena.local,
3000000534,Óscar Restrepo García,proveedor,Proveedores Nacionales,usuario534@pruebasena.local,
3000000535,Paula Martínez Ramírez,aprendiz,SENA,usuario535@pruebasena.local,
3000000536,Ricardo Pérez Herrera,instructor,SENA,usuario536@pruebasena.local,usuario536
3000000537,Sofía Torres Rodríguez,vigilante,Seguridad SENA,usuario537@pruebasena.local,usuario537
3000000538,Tomás Castro Torres,contratista,Servicios Integrales,usuario538@pruebasena.local,
3000000539,Valentina Herrera Mendoza,visitante,Entidad Invitada,usuario539@pruebasena.local,
3000000540,William Quintero Martínez,proveedor,Proveedores Nacionales,usuario540@pruebasena.local,
3000000541,Ana García Flores,aprendiz,SENA,usuario541@pruebasena.local,
3000000542,Carlos López Silva,instructor,SENA,usuario542@pruebasena.local,usuario542
3000000543,Diana Sánchez López,vigilante,Seguridad SENA,usuario543@pruebasena.local,usuario543
3000000544,Esteban Flores Vargas,contratista,Servicios Integrales,usuario544@pruebasena.local,
3000000545,Fernanda Morales Quintero,visitante,Entidad Invitada,usuario545@pruebasena.local,
3000000546,Gabriel Mendoza González,proveedor,Proveedores Nacionales,usuario546@pruebasena.local,
3000000547,Helena Suárez Castro,aprendiz,SENA,usuario547@pruebasena.local,
3000000548,Iván Rodríguez Suárez,instructor,SENA,usuario548@pruebasena.local,usuario548
3000000549,Juliana González Pérez,vigilante,Seguridad SENA,usuario549@pruebasena.local,usuario549
3000000550,Kevin Ramírez Morales,contratista,Servicios Integrales,usuario550@pruebasena.local,
3000000551,Laura Vargas Restrepo,visitante,Entidad Invitada,usuario551@pruebasena.local,
3000000552,Miguel Rojas Sánchez,proveedor,Proveedores Nacionales,usuario552@pruebasena.local,
3000000553,Natalia Silva Rojas,aprendiz,SENA,usuario553@pruebasena.local,
3000000554,Óscar Restrepo García,instructor,SENA,usuario554@pruebasena.local,usuario554
3000000555,Paula Martínez Ramírez,vigilante,Seguridad SENA,usuario555@pruebasena.local,usuario555
3000000556,Ricardo Pérez Herrera,contratista,Servicios Integrales,usuario556@pruebasena.local,
3000000557,Sofía Torres Rodríguez,visitante,Entidad Invitada,usuario557@pruebasena.local,
3000000558,Tomás Castro Torres,proveedor,Proveedores Nacionales,usuario558@pruebasena.local,
3000000559,Valentina Herrera Mendoza,aprendiz,SENA,usuario559@pruebasena.local,
3000000560,William Quintero Martínez,instructor,SENA,usuario560@pruebasena.local,usuario560
3000000561,Ana García Flores,vigilante,Seguridad SENA,usuario561@pruebasena.local,usuario561
3000000562,Carlos López Silva,contratista,Servicios Integrales,usuario562@pruebasena.local,
3000000563,Diana Sánchez López,visitante,Entidad Invitada,usuario563@pruebasena.local,
3000000564,Esteban Flores Vargas,proveedor,Proveedores Nacionales,usuario564@pruebasena.local,
3000000565,Fernanda Morales Quintero,aprendiz,SENA,usuario565@pruebasena.local,
3000000566,Gabriel Mendoza González,instructor,SENA,usuario566@pruebasena.local,usuario566
3000000567,Helena Suárez Castro,vigilante,Seguridad SENA,usuario567@pruebasena.local,usuario567
3000000568,Iván Rodríguez Suárez,contratista,Servicios Integrales,usuario568@pruebasena.local,
3000000569,Juliana González Pérez,visitante,Entidad Invitada,usuario569@pruebasena.local,
3000000570,Kevin Ramírez Morales,proveedor,Proveedores Nacionales,usuario570@pruebasena.local,
3000000571,Laura Vargas Restrepo,aprendiz,SENA,usuario571@pruebasena.local,
3000000572,Miguel Rojas Sánchez,instructor,SENA,usuario572@pruebasena.local,usuario572
3000000573,Natalia Silva Rojas,vigilante,Seguridad SENA,usuario573@pruebasena.local,usuario573
3000000574,Óscar Restrepo García,contratista,Servicios Integrales,usuario574@pruebasena.local,
3000000575,Paula Martínez Ramírez,visitante,Entidad Invitada,usuario575@pruebasena.local,
3000000576,Ricardo Pérez Herrera,proveedor,Proveedores Nacionales,usuario576@pruebasena.local,
3000000577,Sofía Torres Rodríguez,aprendiz,SENA,usuario577@pruebasena.local,
3000000578,Tomás Castro Torres,instructor,SENA,usuario578@pruebasena.local,usuario578
3000000579,Valentina Herrera Mendoza,vigilante,Seguridad SENA,usuario579@pruebasena.local,usuario579
3000000580,William Quintero Martínez,contratista,Servicios Integrales,usuario580@pruebasena.local,
3000000581,Ana García Flores,visitante,Entidad Invitada,usuario581@pruebasena.local,
3000000582,Carlos López Silva,proveedor,Proveedores Nacionales,usuario582@pruebasena.local,
3000000583,Diana Sánchez López,aprendiz,SENA,usuario583@pruebasena.local,
3000000584,Esteban Flores Vargas,instructor,SENA,usuario584@pruebasena.local,usuario584
3000000585,Fernanda Morales Quintero,vigilante,Seguridad SENA,usuario585@pruebasena.local,usuario585
3000000586,Gabriel Mendoza González,contratista,Servicios Integrales,usuario586@pruebasena.local,
3000000587,Helena Suárez Castro,visitante,Entidad Invitada,usuario587@pruebasena.local,
3000000588,Iván Rodríguez Suárez,proveedor,Proveedores Nacionales,usuario588@pruebasena.local,
3000000589,Juliana González Pérez,aprendiz,SENA,usuario589@pruebasena.local,
3000000590,Kevin Ramírez Morales,instructor,SENA,usuario590@pruebasena.local,usuario590
3000000591,Laura Vargas Restrepo,vigilante,Seguridad SENA,usuario591@pruebasena.local,usuario591
3000000592,Miguel Rojas Sánchez,contratista,Servicios Integrales,usuario592@pruebasena.local,
3000000593,Natalia Silva Rojas,visitante,Entidad Invitada,usuario593@pruebasena.local,
3000000594,Óscar Restrepo García,proveedor,Proveedores Nacionales,usuario594@pruebasena.local,
3000000595,Paula Martínez Ramírez,aprendiz,SENA,usuario595@pruebasena.local,
3000000596,Ricardo Pérez Herrera,instructor,SENA,usuario596@pruebasena.local,usuario596
3000000597,Sofía Torres Rodríguez,vigilante,Seguridad SENA,usuario597@pruebasena.local,usuario597
3000000598,Tomás Castro Torres,contratista,Servicios Integrales,usuario598@pruebasena.local,
3000000599,Valentina Herrera Mendoza,visitante,Entidad Invitada,usuario599@pruebasena.local,
3000000600,William Quintero Martínez,proveedor,Proveedores Nacionales,usuario600@pruebasena.local,
3000000601,Ana García Flores,aprendiz,SENA,usuario601@pruebasena.local,
3000000602,Carlos López Silva,instructor,SENA,usuario602@pruebasena.local,usuario602
3000000603,Diana Sánchez López,vigilante,Seguridad SENA,usuario603@pruebasena.local,usuario603
3000000604,Esteban Flores Vargas,contratista,Servicios Integrales,usuario604@pruebasena.local,
3000000605,Fernanda Morales Quintero,visitante,Entidad Invitada,usuario605@pruebasena.local,
3000000606,Gabriel Mendoza González,proveedor,Proveedores Nacionales,usuario606@pruebasena.local,
3000000607,Helena Suárez Castro,aprendiz,SENA,usuario607@pruebasena.local,
3000000608,Iván Rodríguez Suárez,instructor,SENA,usuario608@pruebasena.local,usuario608
3000000609,Juliana González Pérez,vigilante,Seguridad SENA,usuario609@pruebasena.local,usuario609
3000000610,Kevin Ramírez Morales,contratista,Servicios Integrales,usuario610@pruebasena.local,
3000000611,Laura Vargas Restrepo,visitante,Entidad Invitada,usuario611@pruebasena.local,
3000000612,Miguel Rojas Sánchez,proveedor,Proveedores Nacionales,usuario612@pruebasena.local,
3000000613,Natalia Silva Rojas,aprendiz,SENA,usuario613@pruebasena.local,
3000000614,Óscar Restrepo García,instructor,SENA,usuario614@pruebasena.local,usuario614
3000000615,Paula Martínez Ramírez,vigilante,Seguridad SENA,usuario615@pruebasena.local,usuario615
3000000616,Ricardo Pérez Herrera,contratista,Servicios Integrales,usuario616@pruebasena.local,
3000000617,Sofía Torres Rodríguez,visitante,Entidad Invitada,usuario617@pruebasena.local,
3000000618,Tomás Castro Torres,proveedor,Proveedores Nacionales,usuario618@pruebasena.local,
3000000619,Valentina Herrera Mendoza,aprendiz,SENA,usuario619@pruebasena.local,
3000000620,William Quintero Martínez,instructor,SENA,usuario620@pruebasena.local,usuario620
3000000621,Ana García Flores,vigilante,Seguridad SENA,usuario621@pruebasena.local,usuario621
3000000622,Carlos López Silva,contratista,Servicios Integrales,usuario622@pruebasena.local,
3000000623,Diana Sánchez López,visitante,Entidad Invitada,usuario623@pruebasena.local,
3000000624,Esteban Flores Vargas,proveedor,Proveedores Nacionales,usuario624@pruebasena.local,
3000000625,Fernanda Morales Quintero,aprendiz,SENA,usuario625@pruebasena.local,
3000000626,Gabriel Mendoza González,instructor,SENA,usuario626@pruebasena.local,usuario626
3000000627,Helena Suárez Castro,vigilante,Seguridad SENA,usuario627@pruebasena.local,usuario627
3000000628,Iván Rodríguez Suárez,contratista,Servicios Integrales,usuario628@pruebasena.local,
3000000629,Juliana González Pérez,visitante,Entidad Invitada,usuario629@pruebasena.local,
3000000630,Kevin Ramírez Morales,proveedor,Proveedores Nacionales,usuario630@pruebasena.local,
3000000631,Laura Vargas Restrepo,aprendiz,SENA,usuario631@pruebasena.local,
3000000632,Miguel Rojas Sánchez,instructor,SENA,usuario632@pruebasena.local,usuario632
3000000633,Natalia Silva Rojas,vigilante,Seguridad SENA,usuario633@pruebasena.local,usuario633
3000000634,Óscar Restrepo García,contratista,Servicios Integrales,usuario634@pruebasena.local,
3000000635,Paula Martínez Ramírez,visitante,Entidad Invitada,usuario635@pruebasena.local,
3000000636,Ricardo Pérez Herrera,proveedor,Proveedores Nacionales,usuario636@pruebasena.local,
3000000637,Sofía Torres Rodríguez,aprendiz,SENA,usuario637@pruebasena.local,
3000000638,Tomás Castro Torres,instructor,SENA,usuario638@pruebasena.local,usuario638
3000000639,Valentina Herrera Mendoza,vigilante,Seguridad SENA,usuario639@pruebasena.local,usuario639
3000000640,William Quintero Martínez,contratista,Servicios Integrales,usuario640@pruebasena.local,
3000000641,Ana García Flores,visitante,Entidad Invitada,usuario641@pruebasena.local,
3000000642,Carlos López Silva,proveedor,Proveedores Nacionales,usuario642@pruebasena.local,
3000000643,Diana Sánchez López,aprendiz,SENA,usuario643@pruebasena.local,
3000000644,Esteban Flores Vargas,instructor,SENA,usuario644@pruebasena.local,usuario644
3000000645,Fernanda Morales Quintero,vigilante,Seguridad SENA,usuario645@pruebasena.local,usuario645
3000000646,Gabriel Mendoza González,contratista,Servicios Integrales,usuario646@pruebasena.local,
3000000647,Helena Suárez Castro,visitante,Entidad Invitada,usuario647@pruebasena.local,
3000000648,Iván Rodríguez Suárez,proveedor,Proveedores Nacionales,usuario648@pruebasena.local,
3000000649,Juliana González Pérez,aprendiz,SENA,usuario649@pruebasena.local,
3000000650,Kevin Ramírez Morales,instructor,SENA,usuario650@pruebasena.local,usuario650
3000000651,Laura Vargas Restrepo,vigilante,Seguridad SENA,usuario651@pruebasena.local,usuario651
3000000652,Miguel Rojas Sánchez,contratista,Servicios Integrales,usuario652@pruebasena.local,
3000000653,Natalia Silva Rojas,visitante,Entidad Invitada,usuario653@pruebasena.local,
3000000654,Óscar Restrepo García,proveedor,Proveedores Nacionales,usuario654@pruebasena.local,
3000000655,Paula Martínez Ramírez,aprendiz,SENA,usuario655@pruebasena.local,
3000000656,Ricardo Pérez Herrera,instructor,SENA,usuario656@pruebasena.local,usuario656
3000000657,Sofía Torres Rodríguez,vigilante,Seguridad SENA,usuario657@pruebasena.local,usuario657
3000000658,Tomás Castro Torres,contratista,Servicios Integrales,usuario658@pruebasena.local,
3000000659,Valentina Herrera Mendoza,visitante,Entidad Invitada,usuario659@pruebasena.local,
3000000660,William Quintero Martínez,proveedor,Proveedores Nacionales,usuario660@pruebasena.local,
3000000661,Ana García Flores,aprendiz,SENA,usuario661@pruebasena.local,
3000000662,Carlos López Silva,instructor,SENA,usuario662@pruebasena.local,usuario662
3000000663,Diana Sánchez López,vigilante,Seguridad SENA,usuario663@pruebasena.local,usuario663
3000000664,Esteban Flores Vargas,contratista,Servicios Integrales,usuario664@pruebasena.local,
3000000665,Fernanda Morales Quintero,visitante,Entidad Invitada,usuario665@pruebasena.local,
3000000666,Gabriel Mendoza González,proveedor,Proveedores Nacionales,usuario666@pruebasena.local,
3000000667,Helena Suárez Castro,aprendiz,SENA,usuario667@pruebasena.local,
3000000668,Iván Rodríguez Suárez,instructor,SENA,usuario668@pruebasena.local,usuario668
3000000669,Juliana González Pérez,vigilante,Seguridad SENA,usuario669@pruebasena.local,usuario669
3000000670,Kevin Ramírez Morales,contratista,Servicios Integrales,usuario670@pruebasena.local,
3000000671,Laura Vargas Restrepo,visitante,Entidad Invitada,usuario671@pruebasena.local,
3000000672,Miguel Rojas Sánchez,proveedor,Proveedores Nacionales,usuario672@pruebasena.local,
3000000673,Natalia Silva Rojas,aprendiz,SENA,usuario673@pruebasena.local,
3000000674,Óscar Restrepo García,instructor,SENA,usuario674@pruebasena.local,usuario674
3000000675,Paula Martínez Ramírez,vigilante,Seguridad SENA,usuario675@pruebasena.local,usuario675
3000000676,Ricardo Pérez Herrera,contratista,Servicios Integrales,usuario676@pruebasena.local,
3000000677,Sofía Torres Rodríguez,visitante,Entidad Invitada,usuario677@pruebasena.local,
3000000678,Tomás Castro Torres,proveedor,Proveedores Nacionales,usuario678@pruebasena.local,
3000000679,Valentina Herrera Mendoza,aprendiz,SENA,usuario679@pruebasena.local,
3000000680,William Quintero Martínez,instructor,SENA,usuario680@pruebasena.local,usuario680
3000000681,Ana García Flores,vigilante,Seguridad SENA,usuario681@pruebasena.local,usuario681
3000000682,Carlos López Silva,contratista,Servicios Integrales,usuario682@pruebasena.local,
3000000683,Diana Sánchez López,visitante,Entidad Invitada,usuario683@pruebasena.local,
3000000684,Esteban Flores Vargas,proveedor,Proveedores Nacionales,usuario684@pruebasena.local,
3000000685,Fernanda Morales Quintero,aprendiz,SENA,usuario685@pruebasena.local,
3000000686,Gabriel Mendoza González,instructor,SENA,usuario686@pruebasena.local,usuario686
3000000687,Helena Suárez Castro,vigilante,Seguridad SENA,usuario687@pruebasena.local,usuario687
3000000688,Iván Rodríguez Suárez,contratista,Servicios Integrales,usuario688@pruebasena.local,
3000000689,Juliana González Pérez,visitante,Entidad Invitada,usuario689@pruebasena.local,
3000000690,Kevin Ramírez Morales,proveedor,Proveedores Nacionales,usuario690@pruebasena.local,
3000000691,Laura Vargas Restrepo,aprendiz,SENA,usuario691@pruebasena.local,
3000000692,Miguel Rojas Sánchez,instructor,SENA,usuario692@pruebasena.local,usuario692
3000000693,Natalia Silva Rojas,vigilante,Seguridad SENA,usuario693@pruebasena.local,usuario693
3000000694,Óscar Restrepo García,contratista,Servicios Integrales,usuario694@pruebasena.local,
3000000695,Paula Martínez Ramírez,visitante,Entidad Invitada,usuario695@pruebasena.local,
3000000696,Ricardo Pérez Herrera,proveedor,Proveedores Nacionales,usuario696@pruebasena.local,
3000000697,Sofía Torres Rodríguez,aprendiz,SENA,usuario697@pruebasena.local,
3000000698,Tomás Castro Torres,instructor,SENA,usuario698@pruebasena.local,usuario698
3000000699,Valentina Herrera Mendoza,vigilante,Seguridad SENA,usuario699@pruebasena.local,usuario699
3000000700,William Quintero Martínez,contratista,Servicios Integrales,usuario700@pruebasena.local,
3000000701,Ana García Flores,visitante,Entidad Invitada,usuario701@pruebasena.local,
3000000702,Carlos López Silva,proveedor,Proveedores Nacionales,usuario702@pruebasena.local,
3000000703,Diana Sánchez López,aprendiz,SENA,usuario703@pruebasena.local,
3000000704,Esteban Flores Vargas,instructor,SENA,usuario704@pruebasena.local,usuario704
3000000705,Fernanda Morales Quintero,vigilante,Seguridad SENA,usuario705@pruebasena.local,usuario705
3000000706,Gabriel Mendoza González,contratista,Servicios Integrales,usuario706@pruebasena.local,
3000000707,Helena Suárez Castro,visitante,Entidad Invitada,usuario707@pruebasena.local,
3000000708,Iván Rodríguez Suárez,proveedor,Proveedores Nacionales,usuario708@pruebasena.local,
3000000709,Juliana González Pérez,aprendiz,SENA,usuario709@pruebasena.local,
3000000710,Kevin Ramírez Morales,instructor,SENA,usuario710@pruebasena.local,usuario710
3000000711,Laura Vargas Restrepo,vigilante,Seguridad SENA,usuario711@pruebasena.local,usuario711
3000000712,Miguel Rojas Sánchez,contratista,Servicios Integrales,usuario712@pruebasena.local,
3000000713,Natalia Silva Rojas,visitante,Entidad Invitada,usuario713@pruebasena.local,
3000000714,Óscar Restrepo García,proveedor,Proveedores Nacionales,usuario714@pruebasena.local,
3000000715,Paula Martínez Ramírez,aprendiz,SENA,usuario715@pruebasena.local,
3000000716,Ricardo Pérez Herrera,instructor,SENA,usuario716@pruebasena.local,usuario716
3000000717,Sofía Torres Rodríguez,vigilante,Seguridad SENA,usuario717@pruebasena.local,usuario717
3000000718,Tomás Castro Torres,contratista,Servicios Integrales,usuario718@pruebasena.local,
3000000719,Valentina Herrera Mendoza,visitante,Entidad Invitada,usuario719@pruebasena.local,
3000000720,William Quintero Martínez,proveedor,Proveedores Nacionales,usuario720@pruebasena.local,
3000000721,Ana García Flores,aprendiz,SENA,usuario721@pruebasena.local,
3000000722,Carlos López Silva,instructor,SENA,usuario722@pruebasena.local,usuario722
3000000723,Diana Sánchez López,vigilante,Seguridad SENA,usuario723@pruebasena.local,usuario723
3000000724,Esteban Flores Vargas,contratista,Servicios Integrales,usuario724@pruebasena.local,
3000000725,Fernanda Morales Quintero,visitante,Entidad Invitada,usuario725@pruebasena.local,
3000000726,Gabriel Mendoza González,proveedor,Proveedores Nacionales,usuario726@pruebasena.local,
3000000727,Helena Suárez Castro,aprendiz,SENA,usuario727@pruebasena.local,
3000000728,Iván Rodríguez Suárez,instructor,SENA,usuario728@pruebasena.local,usuario728
3000000729,Juliana González Pérez,vigilante,Seguridad SENA,usuario729@pruebasena.local,usuario729
3000000730,Kevin Ramírez Morales,contratista,Servicios Integrales,usuario730@pruebasena.local,
3000000731,Laura Vargas Restrepo,visitante,Entidad Invitada,usuario731@pruebasena.local,
3000000732,Miguel Rojas Sánchez,proveedor,Proveedores Nacionales,usuario732@pruebasena.local,
3000000733,Natalia Silva Rojas,aprendiz,SENA,usuario733@pruebasena.local,
3000000734,Óscar Restrepo García,instructor,SENA,usuario734@pruebasena.local,usuario734
3000000735,Paula Martínez Ramírez,vigilante,Seguridad SENA,usuario735@pruebasena.local,usuario735
3000000736,Ricardo Pérez Herrera,contratista,Servicios Integrales,usuario736@pruebasena.local,
3000000737,Sofía Torres Rodríguez,visitante,Entidad Invitada,usuario737@pruebasena.local,
3000000738,Tomás Castro Torres,proveedor,Proveedores Nacionales,usuario738@pruebasena.local,
3000000739,Valentina Herrera Mendoza,aprendiz,SENA,usuario739@pruebasena.local,
3000000740,William Quintero Martínez,instructor,SENA,usuario740@pruebasena.local,usuario740
3000000741,Ana García Flores,vigilante,Seguridad SENA,usuario741@pruebasena.local,usuario741
3000000742,Carlos López Silva,contratista,Servicios Integrales,usuario742@pruebasena.local,
3000000743,Diana Sánchez López,visitante,Entidad Invitada,usuario743@pruebasena.local,
3000000744,Esteban Flores Vargas,proveedor,Proveedores Nacionales,usuario744@pruebasena.local,
3000000745,Fernanda Morales Quintero,aprendiz,SENA,usuario745@pruebasena.local,
3000000746,Gabriel Mendoza González,instructor,SENA,usuario746@pruebasena.local,usuario746
3000000747,Helena Suárez Castro,vigilante,Seguridad SENA,usuario747@pruebasena.local,usuario747
3000000748,Iván Rodríguez Suárez,contratista,Servicios Integrales,usuario748@pruebasena.local,
3000000749,Juliana González Pérez,visitante,Entidad Invitada,usuario749@pruebasena.local,
3000000750,Kevin Ramírez Morales,proveedor,Proveedores Nacionales,usuario750@pruebasena.local,
3000000751,Laura Vargas Restrepo,aprendiz,SENA,usuario751@pruebasena.local,
3000000752,Miguel Rojas Sánchez,instructor,SENA,usuario752@pruebasena.local,usuario752
3000000753,Natalia Silva Rojas,vigilante,Seguridad SENA,usuario753@pruebasena.local,usuario753
3000000754,Óscar Restrepo García,contratista,Servicios Integrales,usuario754@pruebasena.local,
3000000755,Paula Martínez Ramírez,visitante,Entidad Invitada,usuario755@pruebasena.local,
3000000756,Ricardo Pérez Herrera,proveedor,Proveedores Nacionales,usuario756@pruebasena.local,
3000000757,Sofía Torres Rodríguez,aprendiz,SENA,usuario757@pruebasena.local,
3000000758,Tomás Castro Torres,instructor,SENA,usuario758@pruebasena.local,usuario758
3000000759,Valentina Herrera Mendoza,vigilante,Seguridad SENA,usuario759@pruebasena.local,usuario759
3000000760,William Quintero Martínez,contratista,Servicios Integrales,usuario760@pruebasena.local,
3000000761,Ana García Flores,visitante,Entidad Invitada,usuario761@pruebasena.local,
3000000762,Carlos López Silva,proveedor,Proveedores Nacionales,usuario762@pruebasena.local,
3000000763,Diana Sánchez López,aprendiz,SENA,usuario763@pruebasena.local,
3000000764,Esteban Flores Vargas,instructor,SENA,usuario764@pruebasena.local,usuario764
3000000765,Fernanda Morales Quintero,vigilante,Seguridad SENA,usuario765@pruebasena.local,usuario765
3000000766,Gabriel Mendoza González,contratista,Servicios Integrales,usuario766@pruebasena.local,
3000000767,Helena Suárez Castro,visitante,Entidad Invitada,usuario767@pruebasena.local,
3000000768,Iván Rodríguez Suárez,proveedor,Proveedores Nacionales,usuario768@pruebasena.local,
3000000769,Juliana González Pérez,aprendiz,SENA,usuario769@pruebasena.local,
3000000770,Kevin Ramírez Morales,instructor,SENA,usuario770@pruebasena.local,usuario770
3000000771,Laura Vargas Restrepo,vigilante,Seguridad SENA,usuario771@pruebasena.local,usuario771
3000000772,Miguel Rojas Sánchez,contratista,Servicios Integrales,usuario772@pruebasena.local,
3000000773,Natalia Silva Rojas,visitante,Entidad Invitada,usuario773@pruebasena.local,
3000000774,Óscar Restrepo García,proveedor,Proveedores Nacionales,usuario774@pruebasena.local,
3000000775,Paula Martínez Ramírez,aprendiz,SENA,usuario775@pruebasena.local,
3000000776,Ricardo Pérez Herrera,instructor,SENA,usuario776@pruebasena.local,usuario776
3000000777,Sofía Torres Rodríguez,vigilante,Seguridad SENA,usuario777@pruebasena.local,usuario777
3000000778,Tomás Castro Torres,contratista,Servicios Integrales,usuario778@pruebasena.local,
3000000779,Valentina Herrera Mendoza,visitante,Entidad Invitada,usuario779@pruebasena.local,
3000000780,William Quintero Martínez,proveedor,Proveedores Nacionales,usuario780@pruebasena.local,
3000000781,Ana García Flores,aprendiz,SENA,usuario781@pruebasena.local,
3000000782,Carlos López Silva,instructor,SENA,usuario782@pruebasena.local,usuario782
3000000783,Diana Sánchez López,vigilante,Seguridad SENA,usuario783@pruebasena.local,usuario783
3000000784,Esteban Flores Vargas,contratista,Servicios Integrales,usuario784@pruebasena.local,
3000000785,Fernanda Morales Quintero,visitante,Entidad Invitada,usuario785@pruebasena.local,
3000000786,Gabriel Mendoza González,proveedor,Proveedores Nacionales,usuario786@pruebasena.local,
3000000787,Helena Suárez Castro,aprendiz,SENA,usuario787@pruebasena.local,
3000000788,Iván Rodríguez Suárez,instructor,SENA,usuario788@pruebasena.local,usuario788
3000000789,Juliana González Pérez,vigilante,Seguridad SENA,usuario789@pruebasena.local,usuario789
3000000790,Kevin Ramírez Morales,contratista,Servicios Integrales,usuario790@pruebasena.local,
3000000791,Laura Vargas Restrepo,visitante,Entidad Invitada,usuario791@pruebasena.local,
3000000792,Miguel Rojas Sánchez,proveedor,Proveedores Nacionales,usuario792@pruebasena.local,
3000000793,Natalia Silva Rojas,aprendiz,SENA,usuario793@pruebasena.local,
3000000794,Óscar Restrepo García,instructor,SENA,usuario794@pruebasena.local,usuario794
3000000795,Paula Martínez Ramírez,vigilante,Seguridad SENA,usuario795@pruebasena.local,usuario795
3000000796,Ricardo Pérez Herrera,contratista,Servicios Integrales,usuario796@pruebasena.local,
3000000797,Sofía Torres Rodríguez,visitante,Entidad Invitada,usuario797@pruebasena.local,
3000000798,Tomás Castro Torres,proveedor,Proveedores Nacionales,usuario798@pruebasena.local,
3000000799,Valentina Herrera Mendoza,aprendiz,SENA,usuario799@pruebasena.local,
3000000800,William Quintero Martínez,instructor,SENA,usuario800@pruebasena.local,usuario800
3000000801,Ana García Flores,vigilante,Seguridad SENA,usuario801@pruebasena.local,usuario801
3000000802,Carlos López Silva,contratista,Servicios Integrales,usuario802@pruebasena.local,
3000000803,Diana Sánchez López,visitante,Entidad Invitada,usuario803@pruebasena.local,
3000000804,Esteban Flores Vargas,proveedor,Proveedores Nacionales,usuario804@pruebasena.local,
3000000805,Fernanda Morales Quintero,aprendiz,SENA,usuario805@pruebasena.local,
3000000806,Gabriel Mendoza González,instructor,SENA,usuario806@pruebasena.local,usuario806
3000000807,Helena Suárez Castro,vigilante,Seguridad SENA,usuario807@pruebasena.local,usuario807
3000000808,Iván Rodríguez Suárez,contratista,Servicios Integrales,usuario808@pruebasena.local,
3000000809,Juliana González Pérez,visitante,Entidad Invitada,usuario809@pruebasena.local,
3000000810,Kevin Ramírez Morales,proveedor,Proveedores Nacionales,usuario810@pruebasena.local,
3000000811,Laura Vargas Restrepo,aprendiz,SENA,usuario811@pruebasena.local,
3000000812,Miguel Rojas Sánchez,instructor,SENA,usuario812@pruebasena.local,usuario812
3000000813,Natalia Silva Rojas,vigilante,Seguridad SENA,usuario813@pruebasena.local,usuario813
3000000814,Óscar Restrepo García,contratista,Servicios Integrales,usuario814@pruebasena.local,
3000000815,Paula Martínez Ramírez,visitante,Entidad Invitada,usuario815@pruebasena.local,
3000000816,Ricardo Pérez Herrera,proveedor,Proveedores Nacionales,usuario816@pruebasena.local,
3000000817,Sofía Torres Rodríguez,aprendiz,SENA,usuario817@pruebasena.local,
3000000818,Tomás Castro Torres,instructor,SENA,usuario818@pruebasena.local,usuario818
3000000819,Valentina Herrera Mendoza,vigilante,Seguridad SENA,usuario819@pruebasena.local,usuario819
3000000820,William Quintero Martínez,contratista,Servicios Integrales,usuario820@pruebasena.local,
3000000821,Ana García Flores,visitante,Entidad Invitada,usuario821@pruebasena.local,
3000000822,Carlos López Silva,proveedor,Proveedores Nacionales,usuario822@pruebasena.local,
3000000823,Diana Sánchez López,aprendiz,SENA,usuario823@pruebasena.local,
3000000824,Esteban Flores Vargas,instructor,SENA,usuario824@pruebasena.local,usuario824
3000000825,Fernanda Morales Quintero,vigilante,Seguridad SENA,usuario825@pruebasena.local,usuario825
3000000826,Gabriel Mendoza González,contratista,Servicios Integrales,usuario826@pruebasena.local,
3000000827,Helena Suárez Castro,visitante,Entidad Invitada,usuario827@pruebasena.local,
3000000828,Iván Rodríguez Suárez,proveedor,Proveedores Nacionales,usuario828@pruebasena.local,
3000000829,Juliana González Pérez,aprendiz,SENA,usuario829@pruebasena.local,
3000000830,Kevin Ramírez Morales,instructor,SENA,usuario830@pruebasena.local,usuario830
3000000831,Laura Vargas Restrepo,vigilante,Seguridad SENA,usuario831@pruebasena.local,usuario831
3000000832,Miguel Rojas Sánchez,contratista,Servicios Integrales,usuario832@pruebasena.local,
3000000833,Natalia Silva Rojas,visitante,Entidad Invitada,usuario833@pruebasena.local,
3000000834,Óscar Restrepo García,proveedor,Proveedores Nacionales,usuario834@pruebasena.local,
3000000835,Paula Martínez Ramírez,aprendiz,SENA,usuario835@pruebasena.local,
3000000836,Ricardo Pérez Herrera,instructor,SENA,usuario836@pruebasena.local,usuario836
3000000837,Sofía Torres Rodríguez,vigilante,Seguridad SENA,usuario837@pruebasena.local,usuario837
3000000838,Tomás Castro Torres,contratista,Servicios Integrales,usuario838@pruebasena.local,
3000000839,Valentina Herrera Mendoza,visitante,Entidad Invitada,usuario839@pruebasena.local,
3000000840,William Quintero Martínez,proveedor,Proveedores Nacionales,usuario840@pruebasena.local,
3000000841,Ana García Flores,aprendiz,SENA,usuario841@pruebasena.local,
3000000842,Carlos López Silva,instructor,SENA,usuario842@pruebasena.local,usuario842
3000000843,Diana Sánchez López,vigilante,Seguridad SENA,usuario843@pruebasena.local,usuario843
3000000844,Esteban Flores Vargas,contratista,Servicios Integrales,usuario844@pruebasena.local,
3000000845,Fernanda Morales Quintero,visitante,Entidad Invitada,usuario845@pruebasena.local,
3000000846,Gabriel Mendoza González,proveedor,Proveedores Nacionales,usuario846@pruebasena.local,
3000000847,Helena Suárez Castro,aprendiz,SENA,usuario847@pruebasena.local,
3000000848,Iván Rodríguez Suárez,instructor,SENA,usuario848@pruebasena.local,usuario848
3000000849,Juliana González Pérez,vigilante,Seguridad SENA,usuario849@pruebasena.local,usuario849
3000000850,Kevin Ramírez Morales,contratista,Servicios Integrales,usuario850@pruebasena.local,
3000000851,Laura Vargas Restrepo,visitante,Entidad Invitada,usuario851@pruebasena.local,
3000000852,Miguel Rojas Sánchez,proveedor,Proveedores Nacionales,usuario852@pruebasena.local,
3000000853,Natalia Silva Rojas,aprendiz,SENA,usuario853@pruebasena.local,
3000000854,Óscar Restrepo García,instructor,SENA,usuario854@pruebasena.local,usuario854
3000000855,Paula Martínez Ramírez,vigilante,Seguridad SENA,usuario855@pruebasena.local,usuario855
3000000856,Ricardo Pérez Herrera,contratista,Servicios Integrales,usuario856@pruebasena.local,
3000000857,Sofía Torres Rodríguez,visitante,Entidad Invitada,usuario857@pruebasena.local,
3000000858,Tomás Castro Torres,proveedor,Proveedores Nacionales,usuario858@pruebasena.local,
3000000859,Valentina Herrera Mendoza,aprendiz,SENA,usuario859@pruebasena.local,
3000000860,William Quintero Martínez,instructor,SENA,usuario860@pruebasena.local,usuario860
3000000861,Ana García Flores,vigilante,Seguridad SENA,usuario861@pruebasena.local,usuario861
3000000862,Carlos López Silva,contratista,Servicios Integrales,usuario862@pruebasena.local,
3000000863,Diana Sánchez López,visitante,Entidad Invitada,usuario863@pruebasena.local,
3000000864,Esteban Flores Vargas,proveedor,Proveedores Nacionales,usuario864@pruebasena.local,
3000000865,Fernanda Morales Quintero,aprendiz,SENA,usuario865@pruebasena.local,
3000000866,Gabriel Mendoza González,instructor,SENA,usuario866@pruebasena.local,usuario866
3000000867,Helena Suárez Castro,vigilante,Seguridad SENA,usuario867@pruebasena.local,usuario867
3000000868,Iván Rodríguez Suárez,contratista,Servicios Integrales,usuario868@pruebasena.local,
3000000869,Juliana González Pérez,visitante,Entidad Invitada,usuario869@pruebasena.local,
3000000870,Kevin Ramírez Morales,proveedor,Proveedores Nacionales,usuario870@pruebasena.local,
3000000871,Laura Vargas Restrepo,aprendiz,SENA,usuario871@pruebasena.local,
3000000872,Miguel Rojas Sánchez,instructor,SENA,usuario872@pruebasena.local,usuario872
3000000873,Natalia Silva Rojas,vigilante,Seguridad SENA,usuario873@pruebasena.local,usuario873
3000000874,Óscar Restrepo García,contratista,Servicios Integrales,usuario874@pruebasena.local,
3000000875,Paula Martínez Ramírez,visitante,Entidad Invitada,usuario875@pruebasena.local,
3000000876,Ricardo Pérez Herrera,proveedor,Proveedores Nacionales,usuario876@pruebasena.local,
3000000877,Sofía Torres Rodríguez,aprendiz,SENA,usuario877@pruebasena.local,
3000000878,Tomás Castro Torres,instructor,SENA,usuario878@pruebasena.local,usuario878
3000000879,Valentina Herrera Mendoza,vigilante,Seguridad SENA,usuario879@pruebasena.local,usuario879
3000000880,William Quintero Martínez,contratista,Servicios Integrales,usuario880@pruebasena.local,
3000000881,Ana García Flores,visitante,Entidad Invitada,usuario881@pruebasena.local,
3000000882,Carlos López Silva,proveedor,Proveedores Nacionales,usuario882@pruebasena.local,
3000000883,Diana Sánchez López,aprendiz,SENA,usuario883@pruebasena.local,
3000000884,Esteban Flores Vargas,instructor,SENA,usuario884@pruebasena.local,usuario884
3000000885,Fernanda Morales Quintero,vigilante,Seguridad SENA,usuario885@pruebasena.local,usuario885
3000000886,Gabriel Mendoza González,contratista,Servicios Integrales,usuario886@pruebasena.local,
3000000887,Helena Suárez Castro,visitante,Entidad Invitada,usuario887@pruebasena.local,
3000000888,Iván Rodríguez Suárez,proveedor,Proveedores Nacionales,usuario888@pruebasena.local,
3000000889,Juliana González Pérez,aprendiz,SENA,usuario889@pruebasena.local,
3000000890,Kevin Ramírez Morales,instructor,SENA,usuario890@pruebasena.local,usuario890
3000000891,Laura Vargas Restrepo,vigilante,Seguridad SENA,usuario891@pruebasena.local,usuario891
3000000892,Miguel Rojas Sánchez,contratista,Servicios Integrales,usuario892@pruebasena.local,
3000000893,Natalia Silva Rojas,visitante,Entidad Invitada,usuario893@pruebasena.local,
3000000894,Óscar Restrepo García,proveedor,Proveedores Nacionales,usuario894@pruebasena.local,
3000000895,Paula Martínez Ramírez,aprendiz,SENA,usuario895@pruebasena.local,
3000000896,Ricardo Pérez Herrera,instructor,SENA,usuario896@pruebasena.local,usuario896
3000000897,Sofía Torres Rodríguez,vigilante,Seguridad SENA,usuario897@pruebasena.local,usuario897
3000000898,Tomás Castro Torres,contratista,Servicios Integrales,usuario898@pruebasena.local,
3000000899,Valentina Herrera Mendoza,visitante,Entidad Invitada,usuario899@pruebasena.local,
3000000900,William Quintero Martínez,proveedor,Proveedores Nacionales,usuario900@pruebasena.local,
3000000901,Ana García Flores,aprendiz,SENA,usuario901@pruebasena.local,
3000000902,Carlos López Silva,instructor,SENA,usuario902@pruebasena.local,usuario902
3000000903,Diana Sánchez López,vigilante,Seguridad SENA,usuario903@pruebasena.local,usuario903
3000000904,Esteban Flores Vargas,contratista,Servicios Integrales,usuario904@pruebasena.local,
3000000905,Fernanda Morales Quintero,visitante,Entidad Invitada,usuario905@pruebasena.local,
3000000906,Gabriel Mendoza González,proveedor,Proveedores Nacionales,usuario906@pruebasena.local,
3000000907,Helena Suárez Castro,aprendiz,SENA,usuario907@pruebasena.local,
3000000908,Iván Rodríguez Suárez,instructor,SENA,usuario908@pruebasena.local,usuario908
3000000909,Juliana González Pérez,vigilante,Seguridad SENA,usuario909@pruebasena.local,usuario909
3000000910,Kevin Ramírez Morales,contratista,Servicios Integrales,usuario910@pruebasena.local,
3000000911,Laura Vargas Restrepo,visitante,Entidad Invitada,usuario911@pruebasena.local,
3000000912,Miguel Rojas Sánchez,proveedor,Proveedores Nacionales,usuario912@pruebasena.local,
3000000913,Natalia Silva Rojas,aprendiz,SENA,usuario913@pruebasena.local,
3000000914,Óscar Restrepo García,instructor,SENA,usuario914@pruebasena.local,usuario914
3000000915,Paula Martínez Ramírez,vigilante,Seguridad SENA,usuario915@pruebasena.local,usuario915
3000000916,Ricardo Pérez Herrera,contratista,Servicios Integrales,usuario916@pruebasena.local,
3000000917,Sofía Torres Rodríguez,visitante,Entidad Invitada,usuario917@pruebasena.local,
3000000918,Tomás Castro Torres,proveedor,Proveedores Nacionales,usuario918@pruebasena.local,
3000000919,Valentina Herrera Mendoza,aprendiz,SENA,usuario919@pruebasena.local,
3000000920,William Quintero Martínez,instructor,SENA,usuario920@pruebasena.local,usuario920
3000000921,Ana García Flores,vigilante,Seguridad SENA,usuario921@pruebasena.local,usuario921
3000000922,Carlos López Silva,contratista,Servicios Integrales,usuario922@pruebasena.local,
3000000923,Diana Sánchez López,visitante,Entidad Invitada,usuario923@pruebasena.local,
3000000924,Esteban Flores Vargas,proveedor,Proveedores Nacionales,usuario924@pruebasena.local,
3000000925,Fernanda Morales Quintero,aprendiz,SENA,usuario925@pruebasena.local,
3000000926,Gabriel Mendoza González,instructor,SENA,usuario926@pruebasena.local,usuario926
3000000927,Helena Suárez Castro,vigilante,Seguridad SENA,usuario927@pruebasena.local,usuario927
3000000928,Iván Rodríguez Suárez,contratista,Servicios Integrales,usuario928@pruebasena.local,
3000000929,Juliana González Pérez,visitante,Entidad Invitada,usuario929@pruebasena.local,
3000000930,Kevin Ramírez Morales,proveedor,Proveedores Nacionales,usuario930@pruebasena.local,
3000000931,Laura Vargas Restrepo,aprendiz,SENA,usuario931@pruebasena.local,
3000000932,Miguel Rojas Sánchez,instructor,SENA,usuario932@pruebasena.local,usuario932
3000000933,Natalia Silva Rojas,vigilante,Seguridad SENA,usuario933@pruebasena.local,usuario933
3000000934,Óscar Restrepo García,contratista,Servicios Integrales,usuario934@pruebasena.local,
3000000935,Paula Martínez Ramírez,visitante,Entidad Invitada,usuario935@pruebasena.local,
3000000936,Ricardo Pérez Herrera,proveedor,Proveedores Nacionales,usuario936@pruebasena.local,
3000000937,Sofía Torres Rodríguez,aprendiz,SENA,usuario937@pruebasena.local,
3000000938,Tomás Castro Torres,instructor,SENA,usuario938@pruebasena.local,usuario938
3000000939,Valentina Herrera Mendoza,vigilante,Seguridad SENA,usuario939@pruebasena.local,usuario939
3000000940,William Quintero Martínez,contratista,Servicios Integrales,usuario940@pruebasena.local,
3000000941,Ana García Flores,visitante,Entidad Invitada,usuario941@pruebasena.local,
3000000942,Carlos López Silva,proveedor,Proveedores Nacionales,usuario942@pruebasena.local,
3000000943,Diana Sánchez López,aprendiz,SENA,usuario943@pruebasena.local,
3000000944,Esteban Flores Vargas,instructor,SENA,usuario944@pruebasena.local,usuario944
3000000945,Fernanda Morales Quintero,vigilante,Seguridad SENA,usuario945@pruebasena.local,usuario945
3000000946,Gabriel Mendoza González,contratista,Servicios Integrales,usuario946@pruebasena.local,
3000000947,Helena Suárez Castro,visitante,Entidad Invitada,usuario947@pruebasena.local,
3000000948,Iván Rodríguez Suárez,proveedor,Proveedores Nacionales,usuario948@pruebasena.local,
3000000949,Juliana González Pérez,aprendiz,SENA,usuario949@pruebasena.local,
3000000950,Kevin Ramírez Morales,instructor,SENA,usuario950@pruebasena.local,usuario950
3000000951,Laura Vargas Restrepo,vigilante,Seguridad SENA,usuario951@pruebasena.local,usuario951
3000000952,Miguel Rojas Sánchez,contratista,Servicios Integrales,usuario952@pruebasena.local,
3000000953,Natalia Silva Rojas,visitante,Entidad Invitada,usuario953@pruebasena.local,
3000000954,Óscar Restrepo García,proveedor,Proveedores Nacionales,usuario954@pruebasena.local,
3000000955,Paula Martínez Ramírez,aprendiz,SENA,usuario955@pruebasena.local,
3000000956,Ricardo Pérez Herrera,instructor,SENA,usuario956@pruebasena.local,usuario956
3000000957,Sofía Torres Rodríguez,vigilante,Seguridad SENA,usuario957@pruebasena.local,usuario957
3000000958,Tomás Castro Torres,contratista,Servicios Integrales,usuario958@pruebasena.local,
3000000959,Valentina Herrera Mendoza,visitante,Entidad Invitada,usuario959@pruebasena.local,
3000000960,William Quintero Martínez,proveedor,Proveedores Nacionales,usuario960@pruebasena.local,
3000000961,Ana García Flores,aprendiz,SENA,usuario961@pruebasena.local,
3000000962,Carlos López Silva,instructor,SENA,usuario962@pruebasena.local,usuario962
3000000963,Diana Sánchez López,vigilante,Seguridad SENA,usuario963@pruebasena.local,usuario963
3000000964,Esteban Flores Vargas,contratista,Servicios Integrales,usuario964@pruebasena.local,
3000000965,Fernanda Morales Quintero,visitante,Entidad Invitada,usuario965@pruebasena.local,
3000000966,Gabriel Mendoza González,proveedor,Proveedores Nacionales,usuario966@pruebasena.local,
3000000967,Helena Suárez Castro,aprendiz,SENA,usuario967@pruebasena.local,
3000000968,Iván Rodríguez Suárez,instructor,SENA,usuario968@pruebasena.local,usuario968
3000000969,Juliana González Pérez,vigilante,Seguridad SENA,usuario969@pruebasena.local,usuario969
3000000970,Kevin Ramírez Morales,contratista,Servicios Integrales,usuario970@pruebasena.local,
3000000971,Laura Vargas Restrepo,visitante,Entidad Invitada,usuario971@pruebasena.local,
3000000972,Miguel Rojas Sánchez,proveedor,Proveedores Nacionales,usuario972@pruebasena.local,
3000000973,Natalia Silva Rojas,aprendiz,SENA,usuario973@pruebasena.local,
3000000974,Óscar Restrepo García,instructor,SENA,usuario974@pruebasena.local,usuario974
3000000975,Paula Martínez Ramírez,vigilante,Seguridad SENA,usuario975@pruebasena.local,usuario975
3000000976,Ricardo Pérez Herrera,contratista,Servicios Integrales,usuario976@pruebasena.local,
3000000977,Sofía Torres Rodríguez,visitante,Entidad Invitada,usuario977@pruebasena.local,
3000000978,Tomás Castro Torres,proveedor,Proveedores Nacionales,usuario978@pruebasena.local,
3000000979,Valentina Herrera Mendoza,aprendiz,SENA,usuario979@pruebasena.local,
3000000980,William Quintero Martínez,instructor,SENA,usuario980@pruebasena.local,usuario980
3000000981,Ana García Flores,vigilante,Seguridad SENA,usuario981@pruebasena.local,usuario981
3000000982,Carlos López Silva,contratista,Servicios Integrales,usuario982@pruebasena.local,
3000000983,Diana Sánchez López,visitante,Entidad Invitada,usuario983@pruebasena.local,
3000000984,Esteban Flores Vargas,proveedor,Proveedores Nacionales,usuario984@pruebasena.local,
3000000985,Fernanda Morales Quintero,aprendiz,SENA,usuario985@pruebasena.local,
3000000986,Gabriel Mendoza González,instructor,SENA,usuario986@pruebasena.local,usuario986
3000000987,Helena Suárez Castro,vigilante,Seguridad SENA,usuario987@pruebasena.local,usuario987
3000000988,Iván Rodríguez Suárez,contratista,Servicios Integrales,usuario988@pruebasena.local,
3000000989,Juliana González Pérez,visitante,Entidad Invitada,usuario989@pruebasena.local,
3000000990,Kevin Ramírez Morales,proveedor,Proveedores Nacionales,usuario990@pruebasena.local,
3000000991,Laura Vargas Restrepo,aprendiz,SENA,usuario991@pruebasena.local,
3000000992,Miguel Rojas Sánchez,instructor,SENA,usuario992@pruebasena.local,usuario992
3000000993,Natalia Silva Rojas,vigilante,Seguridad SENA,usuario993@pruebasena.local,usuario993
3000000994,Óscar Restrepo García,contratista,Servicios Integrales,usuario994@pruebasena.local,
3000000995,Paula Martínez Ramírez,visitante,Entidad Invitada,usuario995@pruebasena.local,
3000000996,Ricardo Pérez Herrera,proveedor,Proveedores Nacionales,usuario996@pruebasena.local,
3000000997,Sofía Torres Rodríguez,aprendiz,SENA,usuario997@pruebasena.local,
3000000998,Tomás Castro Torres,instructor,SENA,usuario998@pruebasena.local,usuario998
3000000999,Valentina Herrera Mendoza,vigilante,Seguridad SENA,usuario999@pruebasena.local,usuario999
3000001000,William Quintero Martínez,contratista,Servicios Integrales,usuario1000@pruebasena.local,
